01/01/2015,20680003,1,0.032,ppm,27,24,100,44201,Ozone,,,2,Alaska,68,Denali,63.7232000007,-148.9676
01/01/2015,20900034,1,0.013,ppm,11,24,100,44201,Ozone,21820,"Fairbanks, AK",2,Alaska,90,Fairbanks North Star,64.8456900007,-147.727413
01/02/2015,20680003,1,0.039,ppm,33,24,100,44201,Ozone,,,2,Alaska,68,Denali,63.7232000007,-148.9676
01/02/2015,20900034,1,0.016,ppm,14,24,100,44201,Ozone,21820,"Fairbanks, AK",2,Alaska,90,Fairbanks North Star,64.8456900007,-147.727413
01/03/2015,20680003,1,0.039,ppm,33,24,100,44201,Ozone,,,2,Alaska,68,Denali,63.7232000007,-148.9676
01/03/2015,20900034,1,0.005,ppm,4,24,100,44201,Ozone,21820,"Fairbanks, AK",2,Alaska,90,Fairbanks North Star,64.8456900007,-147.727413
01/04/2015,20680003,1,0.04,ppm,34,24,100,44201,Ozone,,,2,Alaska,68,Denali,63.7232000007,-148.9676
01/04/2015,20900034,1,0.002,ppm,2,24,100,44201,Ozone,21820,"Fairbanks, AK",2,Alaska,90,Fairbanks North Star,64.8456900007,-147.727413
01/05/2015,20680003,1,0.039,ppm,33,24,100,44201,Ozone,,,2,Alaska,68,Denali,63.7232000007,-148.9676
01/05/2015,20900034,1,0.002,ppm,2,24,100,44201,Ozone,21820,"Fairbanks, AK",2,Alaska,90,Fairbanks North Star,64.8456900007,-147.727413
01/06/2015,20680003,1,0.039,ppm,33,24,100,44201,Ozone,,,2,Alaska,68,Denali,63.7232000007,-148.9676
01/07/2015,20680003,1,0.043,ppm,36,24,100,44201,Ozone,,,2,Alaska,68,Denali,63.7232000007,-148.9676
01/07/2015,20900034,1,0.004,ppm,3,24,100,44201,Ozone,21820,"Fairbanks, AK",2,Alaska,90,Fairbanks North Star,64.8456900007,-147.727413
01/08/2015,20680003,1,0.043,ppm,36,24,100,44201,Ozone,,,2,Alaska,68,Denali,63.7232000007,-148.9676
01/08/2015,20900034,1,0.006,ppm,5,24,100,44201,Ozone,21820,"Fairbanks, AK",2,Alaska,90,Fairbanks North Star,64.8456900007,-147.727413
01/09/2015,20680003,1,0.04,ppm,34,24,100,44201,Ozone,,,2,Alaska,68,Denali,63.7232000007,-148.9676
01/09/2015,20900034,1,0.013,ppm,11,24,100,44201,Ozone,21820,"Fairbanks, AK",2,Alaska,90,Fairbanks North Star,64.8456900007,-147.727413
01/10/2015,20680003,1,0.029,ppm,25,24,100,44201,Ozone,,,2,Alaska,68,Denali,63.7232000007,-148.9676
01/10/2015,20900034,1,0.015,ppm,13,24,100,44201,Ozone,21820,"Fairbanks, AK",2,Alaska,90,Fairbanks North Star,64.8456900007,-147.727413
01/11/2015,20680003,1,0.031,ppm,26,24,100,44201,Ozone,,,2,Alaska,68,Denali,63.7232000007,-148.9676
01/11/2015,20900034,1,0.003,ppm,3,24,100,44201,Ozone,21820,"Fairbanks, AK",2,Alaska,90,Fairbanks North Star,64.8456900007,-147.727413
01/12/2015,20680003,1,0.039,ppm,33,24,100,44201,Ozone,,,2,Alaska,68,Denali,63.7232000007,-148.9676
01/12/2015,20900034,1,0.008,ppm,7,24,100,44201,Ozone,21820,"Fairbanks, AK",2,Alaska,90,Fairbanks North Star,64.8456900007,-147.727413
01/13/2015,20680003,1,0.04,ppm,34,24,100,44201,Ozone,,,2,Alaska,68,Denali,63.7232000007,-148.9676
01/13/2015,20900034,1,0.008,ppm,7,24,100,44201,Ozone,21820,"Fairbanks, AK",2,Alaska,90,Fairbanks North Star,64.8456900007,-147.727413
01/14/2015,20680003,1,0.042,ppm,36,24,100,44201,Ozone,,,2,Alaska,68,Denali,63.7232000007,-148.9676
01/14/2015,20900034,1,0.008,ppm,7,18,75,44201,Ozone,21820,"Fairbanks, AK",2,Alaska,90,Fairbanks North Star,64.8456900007,-147.727413
01/15/2015,20680003,1,0.041,ppm,35,24,100,44201,Ozone,,,2,Alaska,68,Denali,63.7232000007,-148.9676
01/15/2015,20900034,1,0.021,ppm,18,24,100,44201,Ozone,21820,"Fairbanks, AK",2,Alaska,90,Fairbanks North Star,64.8456900007,-147.727413
01/16/2015,20680003,1,0.042,ppm,36,24,100,44201,Ozone,,,2,Alaska,68,Denali,63.7232000007,-148.9676
01/16/2015,20900034,1,0.022,ppm,19,24,100,44201,Ozone,21820,"Fairbanks, AK",2,Alaska,90,Fairbanks North Star,64.8456900007,-147.727413
01/17/2015,20680003,1,0.04,ppm,34,24,100,44201,Ozone,,,2,Alaska,68,Denali,63.7232000007,-148.9676
01/17/2015,20900034,1,0.005,ppm,4,24,100,44201,Ozone,21820,"Fairbanks, AK",2,Alaska,90,Fairbanks North Star,64.8456900007,-147.727413
01/18/2015,20680003,1,0.04,ppm,34,24,100,44201,Ozone,,,2,Alaska,68,Denali,63.7232000007,-148.9676
01/18/2015,20900034,1,0.016,ppm,14,24,100,44201,Ozone,21820,"Fairbanks, AK",2,Alaska,90,Fairbanks North Star,64.8456900007,-147.727413
01/19/2015,20680003,1,0.039,ppm,33,24,100,44201,Ozone,,,2,Alaska,68,Denali,63.7232000007,-148.9676
01/19/2015,20900034,1,0.016,ppm,14,24,100,44201,Ozone,21820,"Fairbanks, AK",2,Alaska,90,Fairbanks North Star,64.8456900007,-147.727413
01/20/2015,20680003,1,0.039,ppm,33,24,100,44201,Ozone,,,2,Alaska,68,Denali,63.7232000007,-148.9676
01/20/2015,20900034,1,0.009,ppm,8,24,100,44201,Ozone,21820,"Fairbanks, AK",2,Alaska,90,Fairbanks North Star,64.8456900007,-147.727413
01/21/2015,20680003,1,0.03,ppm,25,24,100,44201,Ozone,,,2,Alaska,68,Denali,63.7232000007,-148.9676
01/21/2015,20900034,1,0.012,ppm,10,24,100,44201,Ozone,21820,"Fairbanks, AK",2,Alaska,90,Fairbanks North Star,64.8456900007,-147.727413
01/22/2015,20680003,1,0.031,ppm,26,24,100,44201,Ozone,,,2,Alaska,68,Denali,63.7232000007,-148.9676
01/22/2015,20900034,1,0.029,ppm,25,24,100,44201,Ozone,21820,"Fairbanks, AK",2,Alaska,90,Fairbanks North Star,64.8456900007,-147.727413
01/23/2015,20680003,1,0.03,ppm,25,24,100,44201,Ozone,,,2,Alaska,68,Denali,63.7232000007,-148.9676
01/23/2015,20900034,1,0.029,ppm,25,24,100,44201,Ozone,21820,"Fairbanks, AK",2,Alaska,90,Fairbanks North Star,64.8456900007,-147.727413
01/24/2015,20680003,1,0.032,ppm,27,24,100,44201,Ozone,,,2,Alaska,68,Denali,63.7232000007,-148.9676
01/24/2015,20900034,1,0.028,ppm,24,24,100,44201,Ozone,21820,"Fairbanks, AK",2,Alaska,90,Fairbanks North Star,64.8456900007,-147.727413
01/25/2015,20680003,1,0.033,ppm,28,24,100,44201,Ozone,,,2,Alaska,68,Denali,63.7232000007,-148.9676
01/25/2015,20900034,1,0.024,ppm,20,24,100,44201,Ozone,21820,"Fairbanks, AK",2,Alaska,90,Fairbanks North Star,64.8456900007,-147.727413
01/26/2015,20680003,1,0.038,ppm,32,24,100,44201,Ozone,,,2,Alaska,68,Denali,63.7232000007,-148.9676
01/26/2015,20900034,1,0.005,ppm,4,24,100,44201,Ozone,21820,"Fairbanks, AK",2,Alaska,90,Fairbanks North Star,64.8456900007,-147.727413
01/27/2015,20680003,1,0.04,ppm,34,24,100,44201,Ozone,,,2,Alaska,68,Denali,63.7232000007,-148.9676
01/27/2015,20900034,1,0.002,ppm,2,24,100,44201,Ozone,21820,"Fairbanks, AK",2,Alaska,90,Fairbanks North Star,64.8456900007,-147.727413
01/28/2015,20680003,1,0.04,ppm,34,24,100,44201,Ozone,,,2,Alaska,68,Denali,63.7232000007,-148.9676
01/28/2015,20900034,1,0.002,ppm,2,24,100,44201,Ozone,21820,"Fairbanks, AK",2,Alaska,90,Fairbanks North Star,64.8456900007,-147.727413
01/29/2015,20680003,1,0.04,ppm,34,24,100,44201,Ozone,,,2,Alaska,68,Denali,63.7232000007,-148.9676
01/29/2015,20900034,1,0.002,ppm,2,24,100,44201,Ozone,21820,"Fairbanks, AK",2,Alaska,90,Fairbanks North Star,64.8456900007,-147.727413
01/30/2015,20680003,1,0.043,ppm,36,24,100,44201,Ozone,,,2,Alaska,68,Denali,63.7232000007,-148.9676
01/30/2015,20900034,1,0.003,ppm,3,24,100,44201,Ozone,21820,"Fairbanks, AK",2,Alaska,90,Fairbanks North Star,64.8456900007,-147.727413
01/31/2015,20680003,1,0.042,ppm,36,24,100,44201,Ozone,,,2,Alaska,68,Denali,63.7232000007,-148.9676
01/31/2015,20900034,1,0.002,ppm,2,19,79,44201,Ozone,21820,"Fairbanks, AK",2,Alaska,90,Fairbanks North Star,64.8456900007,-147.727413
02/01/2015,20680003,1,0.044,ppm,37,24,100,44201,Ozone,,,2,Alaska,68,Denali,63.7232000007,-148.9676
02/02/2015,20680003,1,0.044,ppm,37,24,100,44201,Ozone,,,2,Alaska,68,Denali,63.7232000007,-148.9676
02/03/2015,20680003,1,0.041,ppm,35,24,100,44201,Ozone,,,2,Alaska,68,Denali,63.7232000007,-148.9676
02/03/2015,20900034,1,0.006,ppm,5,24,100,44201,Ozone,21820,"Fairbanks, AK",2,Alaska,90,Fairbanks North Star,64.8456900007,-147.727413
02/04/2015,20680003,1,0.041,ppm,35,24,100,44201,Ozone,,,2,Alaska,68,Denali,63.7232000007,-148.9676
02/04/2015,20900034,1,0.004,ppm,3,24,100,44201,Ozone,21820,"Fairbanks, AK",2,Alaska,90,Fairbanks North Star,64.8456900007,-147.727413
02/05/2015,20680003,1,0.037,ppm,31,24,100,44201,Ozone,,,2,Alaska,68,Denali,63.7232000007,-148.9676
02/05/2015,20900034,1,0.004,ppm,3,24,100,44201,Ozone,21820,"Fairbanks, AK",2,Alaska,90,Fairbanks North Star,64.8456900007,-147.727413
02/06/2015,20680003,1,0.036,ppm,31,24,100,44201,Ozone,,,2,Alaska,68,Denali,63.7232000007,-148.9676
02/06/2015,20900034,1,0.005,ppm,4,24,100,44201,Ozone,21820,"Fairbanks, AK",2,Alaska,90,Fairbanks North Star,64.8456900007,-147.727413
02/07/2015,20680003,1,0.033,ppm,28,24,100,44201,Ozone,,,2,Alaska,68,Denali,63.7232000007,-148.9676
02/07/2015,20900034,1,0.003,ppm,3,24,100,44201,Ozone,21820,"Fairbanks, AK",2,Alaska,90,Fairbanks North Star,64.8456900007,-147.727413
02/08/2015,20680003,1,0.036,ppm,31,24,100,44201,Ozone,,,2,Alaska,68,Denali,63.7232000007,-148.9676
02/08/2015,20900034,1,0.012,ppm,10,24,100,44201,Ozone,21820,"Fairbanks, AK",2,Alaska,90,Fairbanks North Star,64.8456900007,-147.727413
02/09/2015,20680003,1,0.036,ppm,31,24,100,44201,Ozone,,,2,Alaska,68,Denali,63.7232000007,-148.9676
02/09/2015,20900034,1,0.007,ppm,6,24,100,44201,Ozone,21820,"Fairbanks, AK",2,Alaska,90,Fairbanks North Star,64.8456900007,-147.727413
02/10/2015,20680003,1,0.036,ppm,31,24,100,44201,Ozone,,,2,Alaska,68,Denali,63.7232000007,-148.9676
02/10/2015,20900034,1,0.008,ppm,7,24,100,44201,Ozone,21820,"Fairbanks, AK",2,Alaska,90,Fairbanks North Star,64.8456900007,-147.727413
02/11/2015,20680003,1,0.038,ppm,32,24,100,44201,Ozone,,,2,Alaska,68,Denali,63.7232000007,-148.9676
02/11/2015,20900034,1,0.027,ppm,23,24,100,44201,Ozone,21820,"Fairbanks, AK",2,Alaska,90,Fairbanks North Star,64.8456900007,-147.727413
02/12/2015,20680003,1,0.04,ppm,34,24,100,44201,Ozone,,,2,Alaska,68,Denali,63.7232000007,-148.9676
02/13/2015,20680003,1,0.038,ppm,32,24,100,44201,Ozone,,,2,Alaska,68,Denali,63.7232000007,-148.9676
02/13/2015,20900034,1,0.012,ppm,10,24,100,44201,Ozone,21820,"Fairbanks, AK",2,Alaska,90,Fairbanks North Star,64.8456900007,-147.727413
02/14/2015,20680003,1,0.04,ppm,34,24,100,44201,Ozone,,,2,Alaska,68,Denali,63.7232000007,-148.9676
02/14/2015,20900034,1,0.009,ppm,8,24,100,44201,Ozone,21820,"Fairbanks, AK",2,Alaska,90,Fairbanks North Star,64.8456900007,-147.727413
02/15/2015,20680003,1,0.045,ppm,38,24,100,44201,Ozone,,,2,Alaska,68,Denali,63.7232000007,-148.9676
02/15/2015,20900034,1,0.011,ppm,9,24,100,44201,Ozone,21820,"Fairbanks, AK",2,Alaska,90,Fairbanks North Star,64.8456900007,-147.727413
02/16/2015,20680003,1,0.046,ppm,39,24,100,44201,Ozone,,,2,Alaska,68,Denali,63.7232000007,-148.9676
02/16/2015,20900034,1,0.01,ppm,8,24,100,44201,Ozone,21820,"Fairbanks, AK",2,Alaska,90,Fairbanks North Star,64.8456900007,-147.727413
02/17/2015,20680003,1,0.042,ppm,36,24,100,44201,Ozone,,,2,Alaska,68,Denali,63.7232000007,-148.9676
02/17/2015,20900034,1,0.006,ppm,5,24,100,44201,Ozone,21820,"Fairbanks, AK",2,Alaska,90,Fairbanks North Star,64.8456900007,-147.727413
02/18/2015,20680003,1,0.041,ppm,35,24,100,44201,Ozone,,,2,Alaska,68,Denali,63.7232000007,-148.9676
02/18/2015,20900034,1,0.01,ppm,8,24,100,44201,Ozone,21820,"Fairbanks, AK",2,Alaska,90,Fairbanks North Star,64.8456900007,-147.727413
02/19/2015,20680003,1,0.042,ppm,36,24,100,44201,Ozone,,,2,Alaska,68,Denali,63.7232000007,-148.9676
02/19/2015,20900034,1,0.008,ppm,7,24,100,44201,Ozone,21820,"Fairbanks, AK",2,Alaska,90,Fairbanks North Star,64.8456900007,-147.727413
02/20/2015,20680003,1,0.044,ppm,37,24,100,44201,Ozone,,,2,Alaska,68,Denali,63.7232000007,-148.9676
02/20/2015,20900034,1,0.008,ppm,7,24,100,44201,Ozone,21820,"Fairbanks, AK",2,Alaska,90,Fairbanks North Star,64.8456900007,-147.727413
02/21/2015,20680003,1,0.045,ppm,38,24,100,44201,Ozone,,,2,Alaska,68,Denali,63.7232000007,-148.9676
02/21/2015,20900034,1,0.005,ppm,4,24,100,44201,Ozone,21820,"Fairbanks, AK",2,Alaska,90,Fairbanks North Star,64.8456900007,-147.727413
02/22/2015,20680003,1,0.039,ppm,33,24,100,44201,Ozone,,,2,Alaska,68,Denali,63.7232000007,-148.9676
02/22/2015,20900034,1,0.002,ppm,2,24,100,44201,Ozone,21820,"Fairbanks, AK",2,Alaska,90,Fairbanks North Star,64.8456900007,-147.727413
02/23/2015,20680003,1,0.038,ppm,32,24,100,44201,Ozone,,,2,Alaska,68,Denali,63.7232000007,-148.9676
02/23/2015,20900034,1,0.016,ppm,14,24,100,44201,Ozone,21820,"Fairbanks, AK",2,Alaska,90,Fairbanks North Star,64.8456900007,-147.727413
02/24/2015,20680003,1,0.04,ppm,34,24,100,44201,Ozone,,,2,Alaska,68,Denali,63.7232000007,-148.9676
02/24/2015,20900034,1,0.016,ppm,14,24,100,44201,Ozone,21820,"Fairbanks, AK",2,Alaska,90,Fairbanks North Star,64.8456900007,-147.727413
02/25/2015,20680003,1,0.038,ppm,32,24,100,44201,Ozone,,,2,Alaska,68,Denali,63.7232000007,-148.9676
02/25/2015,20900034,1,0.011,ppm,9,24,100,44201,Ozone,21820,"Fairbanks, AK",2,Alaska,90,Fairbanks North Star,64.8456900007,-147.727413
02/26/2015,20680003,1,0.043,ppm,36,24,100,44201,Ozone,,,2,Alaska,68,Denali,63.7232000007,-148.9676
02/26/2015,20900034,1,0.014,ppm,12,24,100,44201,Ozone,21820,"Fairbanks, AK",2,Alaska,90,Fairbanks North Star,64.8456900007,-147.727413
02/27/2015,20680003,1,0.047,ppm,40,24,100,44201,Ozone,,,2,Alaska,68,Denali,63.7232000007,-148.9676
02/27/2015,20900034,1,0.009,ppm,8,24,100,44201,Ozone,21820,"Fairbanks, AK",2,Alaska,90,Fairbanks North Star,64.8456900007,-147.727413
02/28/2015,20680003,1,0.046,ppm,39,24,100,44201,Ozone,,,2,Alaska,68,Denali,63.7232000007,-148.9676
02/28/2015,20900034,1,0.033,ppm,28,24,100,44201,Ozone,21820,"Fairbanks, AK",2,Alaska,90,Fairbanks North Star,64.8456900007,-147.727413
03/01/2015,20680003,1,0.045,ppm,38,24,100,44201,Ozone,,,2,Alaska,68,Denali,63.7232000007,-148.9676
03/01/2015,20900034,1,0.026,ppm,22,24,100,44201,Ozone,21820,"Fairbanks, AK",2,Alaska,90,Fairbanks North Star,64.8456900007,-147.727413
03/02/2015,20680003,1,0.048,ppm,41,24,100,44201,Ozone,,,2,Alaska,68,Denali,63.7232000007,-148.9676
03/02/2015,20900034,1,0.015,ppm,13,24,100,44201,Ozone,21820,"Fairbanks, AK",2,Alaska,90,Fairbanks North Star,64.8456900007,-147.727413
03/03/2015,20680003,1,0.048,ppm,41,24,100,44201,Ozone,,,2,Alaska,68,Denali,63.7232000007,-148.9676
03/03/2015,20900034,1,0.013,ppm,11,24,100,44201,Ozone,21820,"Fairbanks, AK",2,Alaska,90,Fairbanks North Star,64.8456900007,-147.727413
03/04/2015,20680003,1,0.043,ppm,36,24,100,44201,Ozone,,,2,Alaska,68,Denali,63.7232000007,-148.9676
03/04/2015,20900034,1,0.022,ppm,19,24,100,44201,Ozone,21820,"Fairbanks, AK",2,Alaska,90,Fairbanks North Star,64.8456900007,-147.727413
03/05/2015,20680003,1,0.04,ppm,34,24,100,44201,Ozone,,,2,Alaska,68,Denali,63.7232000007,-148.9676
03/05/2015,20900034,1,0.028,ppm,24,24,100,44201,Ozone,21820,"Fairbanks, AK",2,Alaska,90,Fairbanks North Star,64.8456900007,-147.727413
03/06/2015,20680003,1,0.041,ppm,35,24,100,44201,Ozone,,,2,Alaska,68,Denali,63.7232000007,-148.9676
03/06/2015,20900034,1,0.029,ppm,25,24,100,44201,Ozone,21820,"Fairbanks, AK",2,Alaska,90,Fairbanks North Star,64.8456900007,-147.727413
03/07/2015,20680003,1,0.04,ppm,34,24,100,44201,Ozone,,,2,Alaska,68,Denali,63.7232000007,-148.9676
03/07/2015,20900034,1,0.03,ppm,25,24,100,44201,Ozone,21820,"Fairbanks, AK",2,Alaska,90,Fairbanks North Star,64.8456900007,-147.727413
03/08/2015,20680003,1,0.035,ppm,30,24,100,44201,Ozone,,,2,Alaska,68,Denali,63.7232000007,-148.9676
03/08/2015,20900034,1,0.024,ppm,20,24,100,44201,Ozone,21820,"Fairbanks, AK",2,Alaska,90,Fairbanks North Star,64.8456900007,-147.727413
03/09/2015,20680003,1,0.034,ppm,29,24,100,44201,Ozone,,,2,Alaska,68,Denali,63.7232000007,-148.9676
03/09/2015,20900034,1,0.023,ppm,19,24,100,44201,Ozone,21820,"Fairbanks, AK",2,Alaska,90,Fairbanks North Star,64.8456900007,-147.727413
03/10/2015,20680003,1,0.029,ppm,25,24,100,44201,Ozone,,,2,Alaska,68,Denali,63.7232000007,-148.9676
03/10/2015,20900034,1,0.016,ppm,14,24,100,44201,Ozone,21820,"Fairbanks, AK",2,Alaska,90,Fairbanks North Star,64.8456900007,-147.727413
03/11/2015,20680003,1,0.027,ppm,23,24,100,44201,Ozone,,,2,Alaska,68,Denali,63.7232000007,-148.9676
03/11/2015,20900034,1,0.015,ppm,13,24,100,44201,Ozone,21820,"Fairbanks, AK",2,Alaska,90,Fairbanks North Star,64.8456900007,-147.727413
03/12/2015,20680003,1,0.034,ppm,29,24,100,44201,Ozone,,,2,Alaska,68,Denali,63.7232000007,-148.9676
03/12/2015,20900034,1,0.019,ppm,16,24,100,44201,Ozone,21820,"Fairbanks, AK",2,Alaska,90,Fairbanks North Star,64.8456900007,-147.727413
03/13/2015,20680003,1,0.037,ppm,31,24,100,44201,Ozone,,,2,Alaska,68,Denali,63.7232000007,-148.9676
03/13/2015,20900034,1,0.02,ppm,17,24,100,44201,Ozone,21820,"Fairbanks, AK",2,Alaska,90,Fairbanks North Star,64.8456900007,-147.727413
03/14/2015,20680003,1,0.037,ppm,31,24,100,44201,Ozone,,,2,Alaska,68,Denali,63.7232000007,-148.9676
03/14/2015,20900034,1,0.026,ppm,22,24,100,44201,Ozone,21820,"Fairbanks, AK",2,Alaska,90,Fairbanks North Star,64.8456900007,-147.727413
03/15/2015,20680003,1,0.043,ppm,36,24,100,44201,Ozone,,,2,Alaska,68,Denali,63.7232000007,-148.9676
03/15/2015,20900034,1,0.028,ppm,24,24,100,44201,Ozone,21820,"Fairbanks, AK",2,Alaska,90,Fairbanks North Star,64.8456900007,-147.727413
03/16/2015,20680003,1,0.047,ppm,40,24,100,44201,Ozone,,,2,Alaska,68,Denali,63.7232000007,-148.9676
03/16/2015,20900034,1,0.019,ppm,16,24,100,44201,Ozone,21820,"Fairbanks, AK",2,Alaska,90,Fairbanks North Star,64.8456900007,-147.727413
03/17/2015,20680003,1,0.047,ppm,40,24,100,44201,Ozone,,,2,Alaska,68,Denali,63.7232000007,-148.9676
03/17/2015,20900034,1,0.02,ppm,17,24,100,44201,Ozone,21820,"Fairbanks, AK",2,Alaska,90,Fairbanks North Star,64.8456900007,-147.727413
03/18/2015,20680003,1,0.047,ppm,40,24,100,44201,Ozone,,,2,Alaska,68,Denali,63.7232000007,-148.9676
03/18/2015,20900034,1,0.025,ppm,21,24,100,44201,Ozone,21820,"Fairbanks, AK",2,Alaska,90,Fairbanks North Star,64.8456900007,-147.727413
03/19/2015,20680003,1,0.046,ppm,39,24,100,44201,Ozone,,,2,Alaska,68,Denali,63.7232000007,-148.9676
03/19/2015,20900034,1,0.024,ppm,20,24,100,44201,Ozone,21820,"Fairbanks, AK",2,Alaska,90,Fairbanks North Star,64.8456900007,-147.727413
03/20/2015,20680003,1,0.046,ppm,39,24,100,44201,Ozone,,,2,Alaska,68,Denali,63.7232000007,-148.9676
03/20/2015,20900034,1,0.032,ppm,27,24,100,44201,Ozone,21820,"Fairbanks, AK",2,Alaska,90,Fairbanks North Star,64.8456900007,-147.727413
03/21/2015,20680003,1,0.048,ppm,41,24,100,44201,Ozone,,,2,Alaska,68,Denali,63.7232000007,-148.9676
03/21/2015,20900034,1,0.034,ppm,29,24,100,44201,Ozone,21820,"Fairbanks, AK",2,Alaska,90,Fairbanks North Star,64.8456900007,-147.727413
03/22/2015,20680003,1,0.047,ppm,40,24,100,44201,Ozone,,,2,Alaska,68,Denali,63.7232000007,-148.9676
03/22/2015,20900034,1,0.028,ppm,24,24,100,44201,Ozone,21820,"Fairbanks, AK",2,Alaska,90,Fairbanks North Star,64.8456900007,-147.727413
03/23/2015,20680003,1,0.045,ppm,38,24,100,44201,Ozone,,,2,Alaska,68,Denali,63.7232000007,-148.9676
03/23/2015,20900034,1,0.028,ppm,24,24,100,44201,Ozone,21820,"Fairbanks, AK",2,Alaska,90,Fairbanks North Star,64.8456900007,-147.727413
03/24/2015,20680003,1,0.048,ppm,41,24,100,44201,Ozone,,,2,Alaska,68,Denali,63.7232000007,-148.9676
03/24/2015,20900034,1,0.031,ppm,26,24,100,44201,Ozone,21820,"Fairbanks, AK",2,Alaska,90,Fairbanks North Star,64.8456900007,-147.727413
03/25/2015,20680003,1,0.051,ppm,43,24,100,44201,Ozone,,,2,Alaska,68,Denali,63.7232000007,-148.9676
03/25/2015,20900034,1,0.031,ppm,26,24,100,44201,Ozone,21820,"Fairbanks, AK",2,Alaska,90,Fairbanks North Star,64.8456900007,-147.727413
03/26/2015,20680003,1,0.048,ppm,41,24,100,44201,Ozone,,,2,Alaska,68,Denali,63.7232000007,-148.9676
03/26/2015,20900034,1,0.029,ppm,25,24,100,44201,Ozone,21820,"Fairbanks, AK",2,Alaska,90,Fairbanks North Star,64.8456900007,-147.727413
03/27/2015,20680003,1,0.045,ppm,38,24,100,44201,Ozone,,,2,Alaska,68,Denali,63.7232000007,-148.9676
03/27/2015,20900034,1,0.029,ppm,25,24,100,44201,Ozone,21820,"Fairbanks, AK",2,Alaska,90,Fairbanks North Star,64.8456900007,-147.727413
03/28/2015,20680003,1,0.045,ppm,38,24,100,44201,Ozone,,,2,Alaska,68,Denali,63.7232000007,-148.9676
03/28/2015,20900034,1,0.034,ppm,29,24,100,44201,Ozone,21820,"Fairbanks, AK",2,Alaska,90,Fairbanks North Star,64.8456900007,-147.727413
03/29/2015,20680003,1,0.046,ppm,39,24,100,44201,Ozone,,,2,Alaska,68,Denali,63.7232000007,-148.9676
03/29/2015,20900034,1,0.034,ppm,29,24,100,44201,Ozone,21820,"Fairbanks, AK",2,Alaska,90,Fairbanks North Star,64.8456900007,-147.727413
03/30/2015,20680003,1,0.046,ppm,39,24,100,44201,Ozone,,,2,Alaska,68,Denali,63.7232000007,-148.9676
03/30/2015,20900034,1,0.03,ppm,25,24,100,44201,Ozone,21820,"Fairbanks, AK",2,Alaska,90,Fairbanks North Star,64.8456900007,-147.727413
03/31/2015,20680003,1,0.041,ppm,35,24,100,44201,Ozone,,,2,Alaska,68,Denali,63.7232000007,-148.9676
03/31/2015,20900034,1,0.021,ppm,18,24,100,44201,Ozone,21820,"Fairbanks, AK",2,Alaska,90,Fairbanks North Star,64.8456900007,-147.727413
04/01/2015,20680003,1,0.045,ppm,38,24,100,44201,Ozone,,,2,Alaska,68,Denali,63.7232000007,-148.9676
04/01/2015,20900034,1,0.025,ppm,21,24,100,44201,Ozone,21820,"Fairbanks, AK",2,Alaska,90,Fairbanks North Star,64.8456900007,-147.727413
04/02/2015,20680003,1,0.035,ppm,30,24,100,44201,Ozone,,,2,Alaska,68,Denali,63.7232000007,-148.9676
04/02/2015,20900034,1,0.025,ppm,21,24,100,44201,Ozone,21820,"Fairbanks, AK",2,Alaska,90,Fairbanks North Star,64.8456900007,-147.727413
04/03/2015,20680003,1,0.037,ppm,31,24,100,44201,Ozone,,,2,Alaska,68,Denali,63.7232000007,-148.9676
04/03/2015,20900034,1,0.029,ppm,25,24,100,44201,Ozone,21820,"Fairbanks, AK",2,Alaska,90,Fairbanks North Star,64.8456900007,-147.727413
04/04/2015,20680003,1,0.042,ppm,36,24,100,44201,Ozone,,,2,Alaska,68,Denali,63.7232000007,-148.9676
04/04/2015,20900034,1,0.027,ppm,23,24,100,44201,Ozone,21820,"Fairbanks, AK",2,Alaska,90,Fairbanks North Star,64.8456900007,-147.727413
04/05/2015,20680003,1,0.044,ppm,37,24,100,44201,Ozone,,,2,Alaska,68,Denali,63.7232000007,-148.9676
04/05/2015,20900034,1,0.03,ppm,25,24,100,44201,Ozone,21820,"Fairbanks, AK",2,Alaska,90,Fairbanks North Star,64.8456900007,-147.727413
04/06/2015,20680003,1,0.045,ppm,38,24,100,44201,Ozone,,,2,Alaska,68,Denali,63.7232000007,-148.9676
04/06/2015,20900034,1,0.035,ppm,30,24,100,44201,Ozone,21820,"Fairbanks, AK",2,Alaska,90,Fairbanks North Star,64.8456900007,-147.727413
04/07/2015,20680003,1,0.047,ppm,40,24,100,44201,Ozone,,,2,Alaska,68,Denali,63.7232000007,-148.9676
04/08/2015,20680003,1,0.043,ppm,36,24,100,44201,Ozone,,,2,Alaska,68,Denali,63.7232000007,-148.9676
04/08/2015,21700012,1,0.041,ppm,35,24,100,44201,Ozone,11260,"Anchorage, AK",2,Alaska,170,Matanuska-Susitna,61.5988976486,-149.1062195569
04/09/2015,20680003,1,0.046,ppm,39,24,100,44201,Ozone,,,2,Alaska,68,Denali,63.7232000007,-148.9676
04/09/2015,20900034,1,0.032,ppm,27,24,100,44201,Ozone,21820,"Fairbanks, AK",2,Alaska,90,Fairbanks North Star,64.8456900007,-147.727413
04/09/2015,21700012,1,0.043,ppm,36,24,100,44201,Ozone,11260,"Anchorage, AK",2,Alaska,170,Matanuska-Susitna,61.5988976486,-149.1062195569
04/10/2015,20680003,1,0.046,ppm,39,24,100,44201,Ozone,,,2,Alaska,68,Denali,63.7232000007,-148.9676
04/10/2015,20900034,1,0.033,ppm,28,24,100,44201,Ozone,21820,"Fairbanks, AK",2,Alaska,90,Fairbanks North Star,64.8456900007,-147.727413
04/11/2015,20680003,1,0.039,ppm,33,24,100,44201,Ozone,,,2,Alaska,68,Denali,63.7232000007,-148.9676
04/11/2015,20900034,1,0.03,ppm,25,24,100,44201,Ozone,21820,"Fairbanks, AK",2,Alaska,90,Fairbanks North Star,64.8456900007,-147.727413
04/12/2015,20680003,1,0.04,ppm,34,24,100,44201,Ozone,,,2,Alaska,68,Denali,63.7232000007,-148.9676
04/12/2015,20900034,1,0.03,ppm,25,24,100,44201,Ozone,21820,"Fairbanks, AK",2,Alaska,90,Fairbanks North Star,64.8456900007,-147.727413
04/13/2015,20680003,1,0.038,ppm,32,24,100,44201,Ozone,,,2,Alaska,68,Denali,63.7232000007,-148.9676
04/13/2015,20900034,1,0.03,ppm,25,24,100,44201,Ozone,21820,"Fairbanks, AK",2,Alaska,90,Fairbanks North Star,64.8456900007,-147.727413
04/14/2015,20680003,1,0.042,ppm,36,24,100,44201,Ozone,,,2,Alaska,68,Denali,63.7232000007,-148.9676
04/14/2015,20900034,1,0.034,ppm,29,24,100,44201,Ozone,21820,"Fairbanks, AK",2,Alaska,90,Fairbanks North Star,64.8456900007,-147.727413
04/15/2015,20680003,1,0.045,ppm,38,24,100,44201,Ozone,,,2,Alaska,68,Denali,63.7232000007,-148.9676
04/15/2015,20900034,1,0.034,ppm,29,24,100,44201,Ozone,21820,"Fairbanks, AK",2,Alaska,90,Fairbanks North Star,64.8456900007,-147.727413
04/16/2015,20680003,1,0.043,ppm,36,24,100,44201,Ozone,,,2,Alaska,68,Denali,63.7232000007,-148.9676
04/16/2015,20900034,1,0.032,ppm,27,24,100,44201,Ozone,21820,"Fairbanks, AK",2,Alaska,90,Fairbanks North Star,64.8456900007,-147.727413
04/16/2015,21700012,1,0.041,ppm,35,24,100,44201,Ozone,11260,"Anchorage, AK",2,Alaska,170,Matanuska-Susitna,61.5988976486,-149.1062195569
04/17/2015,20680003,1,0.044,ppm,37,24,100,44201,Ozone,,,2,Alaska,68,Denali,63.7232000007,-148.9676
04/17/2015,20900034,1,0.034,ppm,29,24,100,44201,Ozone,21820,"Fairbanks, AK",2,Alaska,90,Fairbanks North Star,64.8456900007,-147.727413
04/17/2015,21700012,1,0.044,ppm,37,24,100,44201,Ozone,11260,"Anchorage, AK",2,Alaska,170,Matanuska-Susitna,61.5988976486,-149.1062195569
04/18/2015,20680003,1,0.048,ppm,41,24,100,44201,Ozone,,,2,Alaska,68,Denali,63.7232000007,-148.9676
04/18/2015,20900034,1,0.037,ppm,31,24,100,44201,Ozone,21820,"Fairbanks, AK",2,Alaska,90,Fairbanks North Star,64.8456900007,-147.727413
04/18/2015,21700012,1,0.046,ppm,39,24,100,44201,Ozone,11260,"Anchorage, AK",2,Alaska,170,Matanuska-Susitna,61.5988976486,-149.1062195569
04/19/2015,20680003,1,0.048,ppm,41,24,100,44201,Ozone,,,2,Alaska,68,Denali,63.7232000007,-148.9676
04/19/2015,20900034,1,0.039,ppm,33,24,100,44201,Ozone,21820,"Fairbanks, AK",2,Alaska,90,Fairbanks North Star,64.8456900007,-147.727413
04/19/2015,21700012,1,0.046,ppm,39,24,100,44201,Ozone,11260,"Anchorage, AK",2,Alaska,170,Matanuska-Susitna,61.5988976486,-149.1062195569
04/20/2015,20680003,1,0.045,ppm,38,24,100,44201,Ozone,,,2,Alaska,68,Denali,63.7232000007,-148.9676
04/20/2015,20900034,1,0.037,ppm,31,24,100,44201,Ozone,21820,"Fairbanks, AK",2,Alaska,90,Fairbanks North Star,64.8456900007,-147.727413
04/20/2015,21700012,1,0.041,ppm,35,24,100,44201,Ozone,11260,"Anchorage, AK",2,Alaska,170,Matanuska-Susitna,61.5988976486,-149.1062195569
04/21/2015,20680003,1,0.042,ppm,36,24,100,44201,Ozone,,,2,Alaska,68,Denali,63.7232000007,-148.9676
04/21/2015,20900034,1,0.033,ppm,28,24,100,44201,Ozone,21820,"Fairbanks, AK",2,Alaska,90,Fairbanks North Star,64.8456900007,-147.727413
04/21/2015,21700012,1,0.042,ppm,36,24,100,44201,Ozone,11260,"Anchorage, AK",2,Alaska,170,Matanuska-Susitna,61.5988976486,-149.1062195569
04/22/2015,20680003,1,0.043,ppm,36,24,100,44201,Ozone,,,2,Alaska,68,Denali,63.7232000007,-148.9676
04/22/2015,20900034,1,0.036,ppm,31,24,100,44201,Ozone,21820,"Fairbanks, AK",2,Alaska,90,Fairbanks North Star,64.8456900007,-147.727413
04/22/2015,21700012,1,0.043,ppm,36,24,100,44201,Ozone,11260,"Anchorage, AK",2,Alaska,170,Matanuska-Susitna,61.5988976486,-149.1062195569
04/23/2015,20680003,1,0.045,ppm,38,24,100,44201,Ozone,,,2,Alaska,68,Denali,63.7232000007,-148.9676
04/23/2015,20900034,1,0.035,ppm,30,24,100,44201,Ozone,21820,"Fairbanks, AK",2,Alaska,90,Fairbanks North Star,64.8456900007,-147.727413
04/23/2015,21700012,1,0.048,ppm,41,24,100,44201,Ozone,11260,"Anchorage, AK",2,Alaska,170,Matanuska-Susitna,61.5988976486,-149.1062195569
04/24/2015,20680003,1,0.047,ppm,40,24,100,44201,Ozone,,,2,Alaska,68,Denali,63.7232000007,-148.9676
04/24/2015,20900034,1,0.038,ppm,32,24,100,44201,Ozone,21820,"Fairbanks, AK",2,Alaska,90,Fairbanks North Star,64.8456900007,-147.727413
04/24/2015,21700012,1,0.049,ppm,42,24,100,44201,Ozone,11260,"Anchorage, AK",2,Alaska,170,Matanuska-Susitna,61.5988976486,-149.1062195569
04/25/2015,20680003,1,0.049,ppm,42,24,100,44201,Ozone,,,2,Alaska,68,Denali,63.7232000007,-148.9676
04/25/2015,20900034,1,0.04,ppm,34,24,100,44201,Ozone,21820,"Fairbanks, AK",2,Alaska,90,Fairbanks North Star,64.8456900007,-147.727413
04/25/2015,21700012,1,0.05,ppm,42,24,100,44201,Ozone,11260,"Anchorage, AK",2,Alaska,170,Matanuska-Susitna,61.5988976486,-149.1062195569
04/26/2015,20680003,1,0.048,ppm,41,24,100,44201,Ozone,,,2,Alaska,68,Denali,63.7232000007,-148.9676
04/26/2015,20900034,1,0.034,ppm,29,24,100,44201,Ozone,21820,"Fairbanks, AK",2,Alaska,90,Fairbanks North Star,64.8456900007,-147.727413
04/26/2015,21700012,1,0.047,ppm,40,24,100,44201,Ozone,11260,"Anchorage, AK",2,Alaska,170,Matanuska-Susitna,61.5988976486,-149.1062195569
04/27/2015,20680003,1,0.042,ppm,36,24,100,44201,Ozone,,,2,Alaska,68,Denali,63.7232000007,-148.9676
04/27/2015,20900034,1,0.032,ppm,27,24,100,44201,Ozone,21820,"Fairbanks, AK",2,Alaska,90,Fairbanks North Star,64.8456900007,-147.727413
04/27/2015,21700012,1,0.047,ppm,40,24,100,44201,Ozone,11260,"Anchorage, AK",2,Alaska,170,Matanuska-Susitna,61.5988976486,-149.1062195569
04/28/2015,20680003,1,0.036,ppm,31,24,100,44201,Ozone,,,2,Alaska,68,Denali,63.7232000007,-148.9676
04/28/2015,20900034,1,0.033,ppm,28,24,100,44201,Ozone,21820,"Fairbanks, AK",2,Alaska,90,Fairbanks North Star,64.8456900007,-147.727413
04/28/2015,21700012,1,0.042,ppm,36,24,100,44201,Ozone,11260,"Anchorage, AK",2,Alaska,170,Matanuska-Susitna,61.5988976486,-149.1062195569
04/29/2015,20680003,1,0.044,ppm,37,24,100,44201,Ozone,,,2,Alaska,68,Denali,63.7232000007,-148.9676
04/29/2015,20900034,1,0.032,ppm,27,24,100,44201,Ozone,21820,"Fairbanks, AK",2,Alaska,90,Fairbanks North Star,64.8456900007,-147.727413
04/29/2015,21700012,1,0.045,ppm,38,24,100,44201,Ozone,11260,"Anchorage, AK",2,Alaska,170,Matanuska-Susitna,61.5988976486,-149.1062195569
04/30/2015,20680003,1,0.04,ppm,34,24,100,44201,Ozone,,,2,Alaska,68,Denali,63.7232000007,-148.9676
04/30/2015,20900034,1,0.032,ppm,27,24,100,44201,Ozone,21820,"Fairbanks, AK",2,Alaska,90,Fairbanks North Star,64.8456900007,-147.727413
04/30/2015,21700012,1,0.042,ppm,36,24,100,44201,Ozone,11260,"Anchorage, AK",2,Alaska,170,Matanuska-Susitna,61.5988976486,-149.1062195569
05/01/2015,20680003,1,0.041,ppm,35,24,100,44201,Ozone,,,2,Alaska,68,Denali,63.7232000007,-148.9676
05/01/2015,20900034,1,0.031,ppm,26,24,100,44201,Ozone,21820,"Fairbanks, AK",2,Alaska,90,Fairbanks North Star,64.8456900007,-147.727413
05/01/2015,21700012,1,0.044,ppm,37,24,100,44201,Ozone,11260,"Anchorage, AK",2,Alaska,170,Matanuska-Susitna,61.5988976486,-149.1062195569
05/02/2015,20680003,1,0.041,ppm,35,24,100,44201,Ozone,,,2,Alaska,68,Denali,63.7232000007,-148.9676
05/02/2015,20900034,1,0.034,ppm,29,24,100,44201,Ozone,21820,"Fairbanks, AK",2,Alaska,90,Fairbanks North Star,64.8456900007,-147.727413
05/03/2015,20680003,1,0.043,ppm,36,24,100,44201,Ozone,,,2,Alaska,68,Denali,63.7232000007,-148.9676
05/03/2015,20900034,1,0.036,ppm,31,24,100,44201,Ozone,21820,"Fairbanks, AK",2,Alaska,90,Fairbanks North Star,64.8456900007,-147.727413
05/04/2015,20680003,1,0.047,ppm,40,24,100,44201,Ozone,,,2,Alaska,68,Denali,63.7232000007,-148.9676
05/05/2015,20680003,1,0.043,ppm,36,24,100,44201,Ozone,,,2,Alaska,68,Denali,63.7232000007,-148.9676
05/06/2015,20680003,1,0.047,ppm,40,24,100,44201,Ozone,,,2,Alaska,68,Denali,63.7232000007,-148.9676
05/06/2015,20900034,1,0.041,ppm,35,24,100,44201,Ozone,21820,"Fairbanks, AK",2,Alaska,90,Fairbanks North Star,64.8456900007,-147.727413
05/07/2015,20680003,1,0.047,ppm,40,24,100,44201,Ozone,,,2,Alaska,68,Denali,63.7232000007,-148.9676
05/07/2015,20900034,1,0.039,ppm,33,24,100,44201,Ozone,21820,"Fairbanks, AK",2,Alaska,90,Fairbanks North Star,64.8456900007,-147.727413
05/08/2015,20680003,1,0.044,ppm,37,24,100,44201,Ozone,,,2,Alaska,68,Denali,63.7232000007,-148.9676
05/08/2015,20900034,1,0.038,ppm,32,24,100,44201,Ozone,21820,"Fairbanks, AK",2,Alaska,90,Fairbanks North Star,64.8456900007,-147.727413
05/08/2015,21700012,1,0.035,ppm,30,24,100,44201,Ozone,11260,"Anchorage, AK",2,Alaska,170,Matanuska-Susitna,61.5988976486,-149.1062195569
05/09/2015,20680003,1,0.043,ppm,36,24,100,44201,Ozone,,,2,Alaska,68,Denali,63.7232000007,-148.9676
05/09/2015,20900034,1,0.029,ppm,25,24,100,44201,Ozone,21820,"Fairbanks, AK",2,Alaska,90,Fairbanks North Star,64.8456900007,-147.727413
05/09/2015,21700012,1,0.041,ppm,35,24,100,44201,Ozone,11260,"Anchorage, AK",2,Alaska,170,Matanuska-Susitna,61.5988976486,-149.1062195569
05/10/2015,20680003,1,0.046,ppm,39,24,100,44201,Ozone,,,2,Alaska,68,Denali,63.7232000007,-148.9676
05/10/2015,20900034,1,0.04,ppm,34,24,100,44201,Ozone,21820,"Fairbanks, AK",2,Alaska,90,Fairbanks North Star,64.8456900007,-147.727413
05/10/2015,21700012,1,0.039,ppm,33,24,100,44201,Ozone,11260,"Anchorage, AK",2,Alaska,170,Matanuska-Susitna,61.5988976486,-149.1062195569
05/11/2015,20680003,1,0.045,ppm,38,24,100,44201,Ozone,,,2,Alaska,68,Denali,63.7232000007,-148.9676
05/11/2015,20900034,1,0.038,ppm,32,24,100,44201,Ozone,21820,"Fairbanks, AK",2,Alaska,90,Fairbanks North Star,64.8456900007,-147.727413
05/11/2015,21700012,1,0.037,ppm,31,24,100,44201,Ozone,11260,"Anchorage, AK",2,Alaska,170,Matanuska-Susitna,61.5988976486,-149.1062195569
05/12/2015,20680003,1,0.042,ppm,36,24,100,44201,Ozone,,,2,Alaska,68,Denali,63.7232000007,-148.9676
05/12/2015,20900034,1,0.035,ppm,30,24,100,44201,Ozone,21820,"Fairbanks, AK",2,Alaska,90,Fairbanks North Star,64.8456900007,-147.727413
05/12/2015,21700012,1,0.038,ppm,32,24,100,44201,Ozone,11260,"Anchorage, AK",2,Alaska,170,Matanuska-Susitna,61.5988976486,-149.1062195569
05/13/2015,20680003,1,0.053,ppm,45,24,100,44201,Ozone,,,2,Alaska,68,Denali,63.7232000007,-148.9676
05/13/2015,20900034,1,0.044,ppm,37,24,100,44201,Ozone,21820,"Fairbanks, AK",2,Alaska,90,Fairbanks North Star,64.8456900007,-147.727413
05/13/2015,21700012,1,0.039,ppm,33,24,100,44201,Ozone,11260,"Anchorage, AK",2,Alaska,170,Matanuska-Susitna,61.5988976486,-149.1062195569
05/14/2015,20680003,1,0.051,ppm,43,24,100,44201,Ozone,,,2,Alaska,68,Denali,63.7232000007,-148.9676
05/14/2015,20900034,1,0.045,ppm,38,24,100,44201,Ozone,21820,"Fairbanks, AK",2,Alaska,90,Fairbanks North Star,64.8456900007,-147.727413
05/14/2015,21700012,1,0.038,ppm,32,24,100,44201,Ozone,11260,"Anchorage, AK",2,Alaska,170,Matanuska-Susitna,61.5988976486,-149.1062195569
05/15/2015,20680003,1,0.058,ppm,49,24,100,44201,Ozone,,,2,Alaska,68,Denali,63.7232000007,-148.9676
05/15/2015,20900034,1,0.051,ppm,43,24,100,44201,Ozone,21820,"Fairbanks, AK",2,Alaska,90,Fairbanks North Star,64.8456900007,-147.727413
05/15/2015,21700012,1,0.044,ppm,37,24,100,44201,Ozone,11260,"Anchorage, AK",2,Alaska,170,Matanuska-Susitna,61.5988976486,-149.1062195569
05/16/2015,20680003,1,0.047,ppm,40,24,100,44201,Ozone,,,2,Alaska,68,Denali,63.7232000007,-148.9676
05/16/2015,20900034,1,0.044,ppm,37,24,100,44201,Ozone,21820,"Fairbanks, AK",2,Alaska,90,Fairbanks North Star,64.8456900007,-147.727413
05/16/2015,21700012,1,0.039,ppm,33,24,100,44201,Ozone,11260,"Anchorage, AK",2,Alaska,170,Matanuska-Susitna,61.5988976486,-149.1062195569
05/17/2015,20680003,1,0.051,ppm,43,24,100,44201,Ozone,,,2,Alaska,68,Denali,63.7232000007,-148.9676
05/17/2015,20900034,1,0.043,ppm,36,24,100,44201,Ozone,21820,"Fairbanks, AK",2,Alaska,90,Fairbanks North Star,64.8456900007,-147.727413
05/17/2015,21700012,1,0.039,ppm,33,24,100,44201,Ozone,11260,"Anchorage, AK",2,Alaska,170,Matanuska-Susitna,61.5988976486,-149.1062195569
05/18/2015,20680003,1,0.051,ppm,43,24,100,44201,Ozone,,,2,Alaska,68,Denali,63.7232000007,-148.9676
05/18/2015,20900034,1,0.046,ppm,39,24,100,44201,Ozone,21820,"Fairbanks, AK",2,Alaska,90,Fairbanks North Star,64.8456900007,-147.727413
05/18/2015,21700012,1,0.04,ppm,34,24,100,44201,Ozone,11260,"Anchorage, AK",2,Alaska,170,Matanuska-Susitna,61.5988976486,-149.1062195569
05/19/2015,20680003,1,0.052,ppm,44,24,100,44201,Ozone,,,2,Alaska,68,Denali,63.7232000007,-148.9676
05/19/2015,20900034,1,0.04,ppm,34,24,100,44201,Ozone,21820,"Fairbanks, AK",2,Alaska,90,Fairbanks North Star,64.8456900007,-147.727413
05/19/2015,21700012,1,0.036,ppm,31,24,100,44201,Ozone,11260,"Anchorage, AK",2,Alaska,170,Matanuska-Susitna,61.5988976486,-149.1062195569
05/20/2015,20680003,1,0.051,ppm,43,24,100,44201,Ozone,,,2,Alaska,68,Denali,63.7232000007,-148.9676
05/20/2015,20900034,1,0.045,ppm,38,24,100,44201,Ozone,21820,"Fairbanks, AK",2,Alaska,90,Fairbanks North Star,64.8456900007,-147.727413
05/20/2015,21700012,1,0.037,ppm,31,24,100,44201,Ozone,11260,"Anchorage, AK",2,Alaska,170,Matanuska-Susitna,61.5988976486,-149.1062195569
05/21/2015,20680003,1,0.054,ppm,46,24,100,44201,Ozone,,,2,Alaska,68,Denali,63.7232000007,-148.9676
05/21/2015,20900034,1,0.041,ppm,35,24,100,44201,Ozone,21820,"Fairbanks, AK",2,Alaska,90,Fairbanks North Star,64.8456900007,-147.727413
05/21/2015,21700012,1,0.039,ppm,33,24,100,44201,Ozone,11260,"Anchorage, AK",2,Alaska,170,Matanuska-Susitna,61.5988976486,-149.1062195569
05/22/2015,20680003,1,0.053,ppm,45,24,100,44201,Ozone,,,2,Alaska,68,Denali,63.7232000007,-148.9676
05/22/2015,20900034,1,0.042,ppm,36,24,100,44201,Ozone,21820,"Fairbanks, AK",2,Alaska,90,Fairbanks North Star,64.8456900007,-147.727413
05/22/2015,21700012,1,0.04,ppm,34,24,100,44201,Ozone,11260,"Anchorage, AK",2,Alaska,170,Matanuska-Susitna,61.5988976486,-149.1062195569
05/23/2015,20680003,1,0.056,ppm,47,24,100,44201,Ozone,,,2,Alaska,68,Denali,63.7232000007,-148.9676
05/23/2015,20900034,1,0.051,ppm,43,24,100,44201,Ozone,21820,"Fairbanks, AK",2,Alaska,90,Fairbanks North Star,64.8456900007,-147.727413
05/23/2015,21700012,1,0.032,ppm,27,24,100,44201,Ozone,11260,"Anchorage, AK",2,Alaska,170,Matanuska-Susitna,61.5988976486,-149.1062195569
05/24/2015,20680003,1,0.059,ppm,50,24,100,44201,Ozone,,,2,Alaska,68,Denali,63.7232000007,-148.9676
05/24/2015,20900034,1,0.044,ppm,37,24,100,44201,Ozone,21820,"Fairbanks, AK",2,Alaska,90,Fairbanks North Star,64.8456900007,-147.727413
05/24/2015,21700012,1,0.029,ppm,25,24,100,44201,Ozone,11260,"Anchorage, AK",2,Alaska,170,Matanuska-Susitna,61.5988976486,-149.1062195569
05/25/2015,20680003,1,0.049,ppm,42,24,100,44201,Ozone,,,2,Alaska,68,Denali,63.7232000007,-148.9676
05/25/2015,20900034,1,0.041,ppm,35,24,100,44201,Ozone,21820,"Fairbanks, AK",2,Alaska,90,Fairbanks North Star,64.8456900007,-147.727413
05/25/2015,21700012,1,0.033,ppm,28,24,100,44201,Ozone,11260,"Anchorage, AK",2,Alaska,170,Matanuska-Susitna,61.5988976486,-149.1062195569
05/26/2015,20680003,1,0.047,ppm,40,24,100,44201,Ozone,,,2,Alaska,68,Denali,63.7232000007,-148.9676
05/26/2015,20900034,1,0.041,ppm,35,24,100,44201,Ozone,21820,"Fairbanks, AK",2,Alaska,90,Fairbanks North Star,64.8456900007,-147.727413
05/26/2015,21700012,1,0.037,ppm,31,24,100,44201,Ozone,11260,"Anchorage, AK",2,Alaska,170,Matanuska-Susitna,61.5988976486,-149.1062195569
05/27/2015,20680003,1,0.046,ppm,39,24,100,44201,Ozone,,,2,Alaska,68,Denali,63.7232000007,-148.9676
05/27/2015,20900034,1,0.036,ppm,31,24,100,44201,Ozone,21820,"Fairbanks, AK",2,Alaska,90,Fairbanks North Star,64.8456900007,-147.727413
05/27/2015,21700012,1,0.035,ppm,30,24,100,44201,Ozone,11260,"Anchorage, AK",2,Alaska,170,Matanuska-Susitna,61.5988976486,-149.1062195569
05/28/2015,20680003,1,0.041,ppm,35,24,100,44201,Ozone,,,2,Alaska,68,Denali,63.7232000007,-148.9676
05/28/2015,20900034,1,0.032,ppm,27,24,100,44201,Ozone,21820,"Fairbanks, AK",2,Alaska,90,Fairbanks North Star,64.8456900007,-147.727413
05/28/2015,21700012,1,0.038,ppm,32,24,100,44201,Ozone,11260,"Anchorage, AK",2,Alaska,170,Matanuska-Susitna,61.5988976486,-149.1062195569
05/29/2015,20680003,1,0.043,ppm,36,24,100,44201,Ozone,,,2,Alaska,68,Denali,63.7232000007,-148.9676
05/29/2015,20900034,1,0.037,ppm,31,24,100,44201,Ozone,21820,"Fairbanks, AK",2,Alaska,90,Fairbanks North Star,64.8456900007,-147.727413
05/29/2015,21700012,1,0.036,ppm,31,24,100,44201,Ozone,11260,"Anchorage, AK",2,Alaska,170,Matanuska-Susitna,61.5988976486,-149.1062195569
05/30/2015,20680003,1,0.044,ppm,37,24,100,44201,Ozone,,,2,Alaska,68,Denali,63.7232000007,-148.9676
05/30/2015,20900034,1,0.036,ppm,31,24,100,44201,Ozone,21820,"Fairbanks, AK",2,Alaska,90,Fairbanks North Star,64.8456900007,-147.727413
05/30/2015,21700012,1,0.038,ppm,32,24,100,44201,Ozone,11260,"Anchorage, AK",2,Alaska,170,Matanuska-Susitna,61.5988976486,-149.1062195569
05/31/2015,20680003,1,0.048,ppm,41,24,100,44201,Ozone,,,2,Alaska,68,Denali,63.7232000007,-148.9676
05/31/2015,20900034,1,0.04,ppm,34,24,100,44201,Ozone,21820,"Fairbanks, AK",2,Alaska,90,Fairbanks North Star,64.8456900007,-147.727413
05/31/2015,21700012,1,0.036,ppm,31,24,100,44201,Ozone,11260,"Anchorage, AK",2,Alaska,170,Matanuska-Susitna,61.5988976486,-149.1062195569
06/01/2015,20680003,1,0.036,ppm,31,24,100,44201,Ozone,,,2,Alaska,68,Denali,63.7232000007,-148.9676
06/01/2015,20900034,1,0.028,ppm,24,24,100,44201,Ozone,21820,"Fairbanks, AK",2,Alaska,90,Fairbanks North Star,64.8456900007,-147.727413
06/01/2015,21700012,1,0.026,ppm,22,24,100,44201,Ozone,11260,"Anchorage, AK",2,Alaska,170,Matanuska-Susitna,61.5988976486,-149.1062195569
06/02/2015,20680003,1,0.033,ppm,28,24,100,44201,Ozone,,,2,Alaska,68,Denali,63.7232000007,-148.9676
06/02/2015,20900034,1,0.037,ppm,31,24,100,44201,Ozone,21820,"Fairbanks, AK",2,Alaska,90,Fairbanks North Star,64.8456900007,-147.727413
06/02/2015,21700012,1,0.019,ppm,16,24,100,44201,Ozone,11260,"Anchorage, AK",2,Alaska,170,Matanuska-Susitna,61.5988976486,-149.1062195569
06/03/2015,20680003,1,0.034,ppm,29,24,100,44201,Ozone,,,2,Alaska,68,Denali,63.7232000007,-148.9676
06/03/2015,20900034,1,0.025,ppm,21,24,100,44201,Ozone,21820,"Fairbanks, AK",2,Alaska,90,Fairbanks North Star,64.8456900007,-147.727413
06/03/2015,21700012,1,0.034,ppm,29,24,100,44201,Ozone,11260,"Anchorage, AK",2,Alaska,170,Matanuska-Susitna,61.5988976486,-149.1062195569
06/04/2015,20680003,1,0.038,ppm,32,24,100,44201,Ozone,,,2,Alaska,68,Denali,63.7232000007,-148.9676
06/04/2015,20900034,1,0.028,ppm,24,24,100,44201,Ozone,21820,"Fairbanks, AK",2,Alaska,90,Fairbanks North Star,64.8456900007,-147.727413
06/04/2015,21700012,1,0.031,ppm,26,24,100,44201,Ozone,11260,"Anchorage, AK",2,Alaska,170,Matanuska-Susitna,61.5988976486,-149.1062195569
06/05/2015,20680003,1,0.036,ppm,31,24,100,44201,Ozone,,,2,Alaska,68,Denali,63.7232000007,-148.9676
06/05/2015,20900034,1,0.035,ppm,30,24,100,44201,Ozone,21820,"Fairbanks, AK",2,Alaska,90,Fairbanks North Star,64.8456900007,-147.727413
06/05/2015,21700012,1,0.031,ppm,26,24,100,44201,Ozone,11260,"Anchorage, AK",2,Alaska,170,Matanuska-Susitna,61.5988976486,-149.1062195569
06/06/2015,20680003,1,0.033,ppm,28,24,100,44201,Ozone,,,2,Alaska,68,Denali,63.7232000007,-148.9676
06/06/2015,20900034,1,0.03,ppm,25,24,100,44201,Ozone,21820,"Fairbanks, AK",2,Alaska,90,Fairbanks North Star,64.8456900007,-147.727413
06/06/2015,21700012,1,0.031,ppm,26,24,100,44201,Ozone,11260,"Anchorage, AK",2,Alaska,170,Matanuska-Susitna,61.5988976486,-149.1062195569
06/07/2015,20680003,1,0.03,ppm,25,24,100,44201,Ozone,,,2,Alaska,68,Denali,63.7232000007,-148.9676
06/07/2015,20900034,1,0.028,ppm,24,24,100,44201,Ozone,21820,"Fairbanks, AK",2,Alaska,90,Fairbanks North Star,64.8456900007,-147.727413
06/07/2015,21700012,1,0.028,ppm,24,24,100,44201,Ozone,11260,"Anchorage, AK",2,Alaska,170,Matanuska-Susitna,61.5988976486,-149.1062195569
06/08/2015,20680003,1,0.039,ppm,33,24,100,44201,Ozone,,,2,Alaska,68,Denali,63.7232000007,-148.9676
06/08/2015,20900034,1,0.033,ppm,28,24,100,44201,Ozone,21820,"Fairbanks, AK",2,Alaska,90,Fairbanks North Star,64.8456900007,-147.727413
06/08/2015,21700012,1,0.034,ppm,29,24,100,44201,Ozone,11260,"Anchorage, AK",2,Alaska,170,Matanuska-Susitna,61.5988976486,-149.1062195569
06/09/2015,20680003,1,0.036,ppm,31,24,100,44201,Ozone,,,2,Alaska,68,Denali,63.7232000007,-148.9676
06/09/2015,20900034,1,0.034,ppm,29,24,100,44201,Ozone,21820,"Fairbanks, AK",2,Alaska,90,Fairbanks North Star,64.8456900007,-147.727413
06/09/2015,21700012,1,0.031,ppm,26,24,100,44201,Ozone,11260,"Anchorage, AK",2,Alaska,170,Matanuska-Susitna,61.5988976486,-149.1062195569
06/10/2015,20680003,1,0.031,ppm,26,24,100,44201,Ozone,,,2,Alaska,68,Denali,63.7232000007,-148.9676
06/10/2015,20900034,1,0.027,ppm,23,24,100,44201,Ozone,21820,"Fairbanks, AK",2,Alaska,90,Fairbanks North Star,64.8456900007,-147.727413
06/10/2015,21700012,1,0.028,ppm,24,24,100,44201,Ozone,11260,"Anchorage, AK",2,Alaska,170,Matanuska-Susitna,61.5988976486,-149.1062195569
06/11/2015,20680003,1,0.027,ppm,23,24,100,44201,Ozone,,,2,Alaska,68,Denali,63.7232000007,-148.9676
06/11/2015,20900034,1,0.025,ppm,21,24,100,44201,Ozone,21820,"Fairbanks, AK",2,Alaska,90,Fairbanks North Star,64.8456900007,-147.727413
06/11/2015,21700012,1,0.026,ppm,22,24,100,44201,Ozone,11260,"Anchorage, AK",2,Alaska,170,Matanuska-Susitna,61.5988976486,-149.1062195569
06/12/2015,20680003,1,0.032,ppm,27,24,100,44201,Ozone,,,2,Alaska,68,Denali,63.7232000007,-148.9676
06/12/2015,20900034,1,0.026,ppm,22,24,100,44201,Ozone,21820,"Fairbanks, AK",2,Alaska,90,Fairbanks North Star,64.8456900007,-147.727413
06/12/2015,21700012,1,0.03,ppm,25,24,100,44201,Ozone,11260,"Anchorage, AK",2,Alaska,170,Matanuska-Susitna,61.5988976486,-149.1062195569
06/13/2015,20680003,1,0.035,ppm,30,24,100,44201,Ozone,,,2,Alaska,68,Denali,63.7232000007,-148.9676
06/13/2015,20900034,1,0.029,ppm,25,24,100,44201,Ozone,21820,"Fairbanks, AK",2,Alaska,90,Fairbanks North Star,64.8456900007,-147.727413
06/13/2015,21700012,1,0.028,ppm,24,24,100,44201,Ozone,11260,"Anchorage, AK",2,Alaska,170,Matanuska-Susitna,61.5988976486,-149.1062195569
06/14/2015,20680003,1,0.043,ppm,36,24,100,44201,Ozone,,,2,Alaska,68,Denali,63.7232000007,-148.9676
06/14/2015,20900034,1,0.034,ppm,29,24,100,44201,Ozone,21820,"Fairbanks, AK",2,Alaska,90,Fairbanks North Star,64.8456900007,-147.727413
06/14/2015,21700012,1,0.032,ppm,27,24,100,44201,Ozone,11260,"Anchorage, AK",2,Alaska,170,Matanuska-Susitna,61.5988976486,-149.1062195569
06/15/2015,20680003,1,0.046,ppm,39,24,100,44201,Ozone,,,2,Alaska,68,Denali,63.7232000007,-148.9676
06/15/2015,20900034,1,0.039,ppm,33,18,75,44201,Ozone,21820,"Fairbanks, AK",2,Alaska,90,Fairbanks North Star,64.8456900007,-147.727413
06/15/2015,21700012,1,0.037,ppm,31,24,100,44201,Ozone,11260,"Anchorage, AK",2,Alaska,170,Matanuska-Susitna,61.5988976486,-149.1062195569
06/16/2015,20680003,1,0.038,ppm,32,24,100,44201,Ozone,,,2,Alaska,68,Denali,63.7232000007,-148.9676
06/16/2015,20900034,1,0.035,ppm,30,24,100,44201,Ozone,21820,"Fairbanks, AK",2,Alaska,90,Fairbanks North Star,64.8456900007,-147.727413
06/16/2015,21700012,1,0.042,ppm,36,24,100,44201,Ozone,11260,"Anchorage, AK",2,Alaska,170,Matanuska-Susitna,61.5988976486,-149.1062195569
06/17/2015,20680003,1,0.04,ppm,34,24,100,44201,Ozone,,,2,Alaska,68,Denali,63.7232000007,-148.9676
06/17/2015,20900034,1,0.035,ppm,30,24,100,44201,Ozone,21820,"Fairbanks, AK",2,Alaska,90,Fairbanks North Star,64.8456900007,-147.727413
06/17/2015,21700012,1,0.039,ppm,33,24,100,44201,Ozone,11260,"Anchorage, AK",2,Alaska,170,Matanuska-Susitna,61.5988976486,-149.1062195569
06/18/2015,20680003,1,0.044,ppm,37,24,100,44201,Ozone,,,2,Alaska,68,Denali,63.7232000007,-148.9676
06/18/2015,20900034,1,0.034,ppm,29,24,100,44201,Ozone,21820,"Fairbanks, AK",2,Alaska,90,Fairbanks North Star,64.8456900007,-147.727413
06/18/2015,21700012,1,0.038,ppm,32,24,100,44201,Ozone,11260,"Anchorage, AK",2,Alaska,170,Matanuska-Susitna,61.5988976486,-149.1062195569
06/19/2015,20680003,1,0.049,ppm,42,24,100,44201,Ozone,,,2,Alaska,68,Denali,63.7232000007,-148.9676
06/19/2015,20900034,1,0.043,ppm,36,24,100,44201,Ozone,21820,"Fairbanks, AK",2,Alaska,90,Fairbanks North Star,64.8456900007,-147.727413
06/19/2015,21700012,1,0.029,ppm,25,24,100,44201,Ozone,11260,"Anchorage, AK",2,Alaska,170,Matanuska-Susitna,61.5988976486,-149.1062195569
06/20/2015,20680003,1,0.04,ppm,34,24,100,44201,Ozone,,,2,Alaska,68,Denali,63.7232000007,-148.9676
06/20/2015,20900034,1,0.034,ppm,29,24,100,44201,Ozone,21820,"Fairbanks, AK",2,Alaska,90,Fairbanks North Star,64.8456900007,-147.727413
06/20/2015,21700012,1,0.026,ppm,22,24,100,44201,Ozone,11260,"Anchorage, AK",2,Alaska,170,Matanuska-Susitna,61.5988976486,-149.1062195569
06/21/2015,20680003,1,0.04,ppm,34,24,100,44201,Ozone,,,2,Alaska,68,Denali,63.7232000007,-148.9676
06/21/2015,20900034,1,0.038,ppm,32,24,100,44201,Ozone,21820,"Fairbanks, AK",2,Alaska,90,Fairbanks North Star,64.8456900007,-147.727413
06/21/2015,21700012,1,0.026,ppm,22,24,100,44201,Ozone,11260,"Anchorage, AK",2,Alaska,170,Matanuska-Susitna,61.5988976486,-149.1062195569
06/22/2015,20680003,1,0.039,ppm,33,24,100,44201,Ozone,,,2,Alaska,68,Denali,63.7232000007,-148.9676
06/22/2015,20900034,1,0.041,ppm,35,24,100,44201,Ozone,21820,"Fairbanks, AK",2,Alaska,90,Fairbanks North Star,64.8456900007,-147.727413
06/22/2015,21700012,1,0.027,ppm,23,24,100,44201,Ozone,11260,"Anchorage, AK",2,Alaska,170,Matanuska-Susitna,61.5988976486,-149.1062195569
06/23/2015,20900034,1,0.036,ppm,31,24,100,44201,Ozone,21820,"Fairbanks, AK",2,Alaska,90,Fairbanks North Star,64.8456900007,-147.727413
06/23/2015,21700012,1,0.033,ppm,28,24,100,44201,Ozone,11260,"Anchorage, AK",2,Alaska,170,Matanuska-Susitna,61.5988976486,-149.1062195569
06/24/2015,20680003,1,0.044,ppm,37,20,83,44201,Ozone,,,2,Alaska,68,Denali,63.7232000007,-148.9676
06/24/2015,20900034,1,0.019,ppm,16,24,100,44201,Ozone,21820,"Fairbanks, AK",2,Alaska,90,Fairbanks North Star,64.8456900007,-147.727413
06/24/2015,21700012,1,0.034,ppm,29,24,100,44201,Ozone,11260,"Anchorage, AK",2,Alaska,170,Matanuska-Susitna,61.5988976486,-149.1062195569
06/25/2015,20680003,1,0.041,ppm,35,24,100,44201,Ozone,,,2,Alaska,68,Denali,63.7232000007,-148.9676
06/25/2015,20900034,1,0.043,ppm,36,24,100,44201,Ozone,21820,"Fairbanks, AK",2,Alaska,90,Fairbanks North Star,64.8456900007,-147.727413
06/25/2015,21700012,1,0.027,ppm,23,24,100,44201,Ozone,11260,"Anchorage, AK",2,Alaska,170,Matanuska-Susitna,61.5988976486,-149.1062195569
06/26/2015,20680003,1,0.03,ppm,25,24,100,44201,Ozone,,,2,Alaska,68,Denali,63.7232000007,-148.9676
06/26/2015,20900034,1,0.031,ppm,26,24,100,44201,Ozone,21820,"Fairbanks, AK",2,Alaska,90,Fairbanks North Star,64.8456900007,-147.727413
06/27/2015,20680003,1,0.028,ppm,24,20,83,44201,Ozone,,,2,Alaska,68,Denali,63.7232000007,-148.9676
06/27/2015,20900034,1,0.019,ppm,16,24,100,44201,Ozone,21820,"Fairbanks, AK",2,Alaska,90,Fairbanks North Star,64.8456900007,-147.727413
06/27/2015,21700012,1,0.027,ppm,23,24,100,44201,Ozone,11260,"Anchorage, AK",2,Alaska,170,Matanuska-Susitna,61.5988976486,-149.1062195569
06/28/2015,20900034,1,0.03,ppm,25,24,100,44201,Ozone,21820,"Fairbanks, AK",2,Alaska,90,Fairbanks North Star,64.8456900007,-147.727413
06/28/2015,21700012,1,0.029,ppm,25,24,100,44201,Ozone,11260,"Anchorage, AK",2,Alaska,170,Matanuska-Susitna,61.5988976486,-149.1062195569
06/29/2015,20680003,1,0.034,ppm,29,20,83,44201,Ozone,,,2,Alaska,68,Denali,63.7232000007,-148.9676
06/29/2015,20900034,1,0.02,ppm,17,24,100,44201,Ozone,21820,"Fairbanks, AK",2,Alaska,90,Fairbanks North Star,64.8456900007,-147.727413
06/29/2015,21700012,1,0.028,ppm,24,24,100,44201,Ozone,11260,"Anchorage, AK",2,Alaska,170,Matanuska-Susitna,61.5988976486,-149.1062195569
06/30/2015,20680003,1,0.029,ppm,25,24,100,44201,Ozone,,,2,Alaska,68,Denali,63.7232000007,-148.9676
06/30/2015,21700012,1,0.03,ppm,25,24,100,44201,Ozone,11260,"Anchorage, AK",2,Alaska,170,Matanuska-Susitna,61.5988976486,-149.1062195569
07/01/2015,20680003,1,0.024,ppm,20,24,100,44201,Ozone,,,2,Alaska,68,Denali,63.7232000007,-148.9676
07/01/2015,20900034,1,0.019,ppm,16,24,100,44201,Ozone,21820,"Fairbanks, AK",2,Alaska,90,Fairbanks North Star,64.8456900007,-147.727413
07/01/2015,21700012,1,0.028,ppm,24,24,100,44201,Ozone,11260,"Anchorage, AK",2,Alaska,170,Matanuska-Susitna,61.5988976486,-149.1062195569
07/02/2015,20680003,1,0.018,ppm,15,24,100,44201,Ozone,,,2,Alaska,68,Denali,63.7232000007,-148.9676
07/02/2015,20900034,1,0.016,ppm,14,24,100,44201,Ozone,21820,"Fairbanks, AK",2,Alaska,90,Fairbanks North Star,64.8456900007,-147.727413
07/02/2015,21700012,1,0.023,ppm,19,24,100,44201,Ozone,11260,"Anchorage, AK",2,Alaska,170,Matanuska-Susitna,61.5988976486,-149.1062195569
07/03/2015,20680003,1,0.03,ppm,25,24,100,44201,Ozone,,,2,Alaska,68,Denali,63.7232000007,-148.9676
07/03/2015,20900034,1,0.032,ppm,27,24,100,44201,Ozone,21820,"Fairbanks, AK",2,Alaska,90,Fairbanks North Star,64.8456900007,-147.727413
07/03/2015,21700012,1,0.031,ppm,26,24,100,44201,Ozone,11260,"Anchorage, AK",2,Alaska,170,Matanuska-Susitna,61.5988976486,-149.1062195569
07/04/2015,20680003,1,0.036,ppm,31,24,100,44201,Ozone,,,2,Alaska,68,Denali,63.7232000007,-148.9676
07/04/2015,20900034,1,0.036,ppm,31,24,100,44201,Ozone,21820,"Fairbanks, AK",2,Alaska,90,Fairbanks North Star,64.8456900007,-147.727413
07/04/2015,21700012,1,0.027,ppm,23,24,100,44201,Ozone,11260,"Anchorage, AK",2,Alaska,170,Matanuska-Susitna,61.5988976486,-149.1062195569
07/05/2015,20680003,1,0.038,ppm,32,24,100,44201,Ozone,,,2,Alaska,68,Denali,63.7232000007,-148.9676
07/05/2015,20900034,1,0.045,ppm,38,24,100,44201,Ozone,21820,"Fairbanks, AK",2,Alaska,90,Fairbanks North Star,64.8456900007,-147.727413
07/05/2015,21700012,1,0.028,ppm,24,24,100,44201,Ozone,11260,"Anchorage, AK",2,Alaska,170,Matanuska-Susitna,61.5988976486,-149.1062195569
07/06/2015,20680003,1,0.033,ppm,28,24,100,44201,Ozone,,,2,Alaska,68,Denali,63.7232000007,-148.9676
07/06/2015,20900034,1,0.03,ppm,25,24,100,44201,Ozone,21820,"Fairbanks, AK",2,Alaska,90,Fairbanks North Star,64.8456900007,-147.727413
07/06/2015,21700012,1,0.025,ppm,21,24,100,44201,Ozone,11260,"Anchorage, AK",2,Alaska,170,Matanuska-Susitna,61.5988976486,-149.1062195569
07/07/2015,20680003,1,0.032,ppm,27,24,100,44201,Ozone,,,2,Alaska,68,Denali,63.7232000007,-148.9676
07/07/2015,20900034,1,0.021,ppm,18,24,100,44201,Ozone,21820,"Fairbanks, AK",2,Alaska,90,Fairbanks North Star,64.8456900007,-147.727413
07/07/2015,21700012,1,0.021,ppm,18,24,100,44201,Ozone,11260,"Anchorage, AK",2,Alaska,170,Matanuska-Susitna,61.5988976486,-149.1062195569
07/08/2015,20680003,1,0.021,ppm,18,24,100,44201,Ozone,,,2,Alaska,68,Denali,63.7232000007,-148.9676
07/08/2015,20900034,1,0.022,ppm,19,24,100,44201,Ozone,21820,"Fairbanks, AK",2,Alaska,90,Fairbanks North Star,64.8456900007,-147.727413
07/08/2015,21700012,1,0.022,ppm,19,24,100,44201,Ozone,11260,"Anchorage, AK",2,Alaska,170,Matanuska-Susitna,61.5988976486,-149.1062195569
07/09/2015,20680003,1,0.026,ppm,22,24,100,44201,Ozone,,,2,Alaska,68,Denali,63.7232000007,-148.9676
07/09/2015,20900034,1,0.021,ppm,18,24,100,44201,Ozone,21820,"Fairbanks, AK",2,Alaska,90,Fairbanks North Star,64.8456900007,-147.727413
07/09/2015,21700012,1,0.024,ppm,20,24,100,44201,Ozone,11260,"Anchorage, AK",2,Alaska,170,Matanuska-Susitna,61.5988976486,-149.1062195569
07/10/2015,20680003,1,0.032,ppm,27,24,100,44201,Ozone,,,2,Alaska,68,Denali,63.7232000007,-148.9676
07/10/2015,20900034,1,0.027,ppm,23,24,100,44201,Ozone,21820,"Fairbanks, AK",2,Alaska,90,Fairbanks North Star,64.8456900007,-147.727413
07/10/2015,21700012,1,0.027,ppm,23,24,100,44201,Ozone,11260,"Anchorage, AK",2,Alaska,170,Matanuska-Susitna,61.5988976486,-149.1062195569
07/11/2015,20680003,1,0.028,ppm,24,24,100,44201,Ozone,,,2,Alaska,68,Denali,63.7232000007,-148.9676
07/11/2015,20900034,1,0.028,ppm,24,24,100,44201,Ozone,21820,"Fairbanks, AK",2,Alaska,90,Fairbanks North Star,64.8456900007,-147.727413
07/11/2015,21700012,1,0.028,ppm,24,24,100,44201,Ozone,11260,"Anchorage, AK",2,Alaska,170,Matanuska-Susitna,61.5988976486,-149.1062195569
07/12/2015,20680003,1,0.029,ppm,25,24,100,44201,Ozone,,,2,Alaska,68,Denali,63.7232000007,-148.9676
07/12/2015,20900034,1,0.028,ppm,24,24,100,44201,Ozone,21820,"Fairbanks, AK",2,Alaska,90,Fairbanks North Star,64.8456900007,-147.727413
07/12/2015,21700012,1,0.025,ppm,21,24,100,44201,Ozone,11260,"Anchorage, AK",2,Alaska,170,Matanuska-Susitna,61.5988976486,-149.1062195569
07/13/2015,20680003,1,0.026,ppm,22,24,100,44201,Ozone,,,2,Alaska,68,Denali,63.7232000007,-148.9676
07/13/2015,20900034,1,0.025,ppm,21,24,100,44201,Ozone,21820,"Fairbanks, AK",2,Alaska,90,Fairbanks North Star,64.8456900007,-147.727413
07/13/2015,21700012,1,0.023,ppm,19,24,100,44201,Ozone,11260,"Anchorage, AK",2,Alaska,170,Matanuska-Susitna,61.5988976486,-149.1062195569
07/14/2015,20680003,1,0.023,ppm,19,24,100,44201,Ozone,,,2,Alaska,68,Denali,63.7232000007,-148.9676
07/14/2015,20900034,1,0.023,ppm,19,24,100,44201,Ozone,21820,"Fairbanks, AK",2,Alaska,90,Fairbanks North Star,64.8456900007,-147.727413
07/14/2015,21700012,1,0.025,ppm,21,24,100,44201,Ozone,11260,"Anchorage, AK",2,Alaska,170,Matanuska-Susitna,61.5988976486,-149.1062195569
07/15/2015,20680003,1,0.025,ppm,21,24,100,44201,Ozone,,,2,Alaska,68,Denali,63.7232000007,-148.9676
07/15/2015,20900034,1,0.028,ppm,24,24,100,44201,Ozone,21820,"Fairbanks, AK",2,Alaska,90,Fairbanks North Star,64.8456900007,-147.727413
07/15/2015,21700012,1,0.024,ppm,20,24,100,44201,Ozone,11260,"Anchorage, AK",2,Alaska,170,Matanuska-Susitna,61.5988976486,-149.1062195569
07/16/2015,20900034,1,0.027,ppm,23,24,100,44201,Ozone,21820,"Fairbanks, AK",2,Alaska,90,Fairbanks North Star,64.8456900007,-147.727413
07/16/2015,21700012,1,0.023,ppm,19,24,100,44201,Ozone,11260,"Anchorage, AK",2,Alaska,170,Matanuska-Susitna,61.5988976486,-149.1062195569
07/17/2015,20680003,1,0.026,ppm,22,24,100,44201,Ozone,,,2,Alaska,68,Denali,63.7232000007,-148.9676
07/17/2015,20900034,1,0.025,ppm,21,24,100,44201,Ozone,21820,"Fairbanks, AK",2,Alaska,90,Fairbanks North Star,64.8456900007,-147.727413
07/17/2015,21700012,1,0.021,ppm,18,24,100,44201,Ozone,11260,"Anchorage, AK",2,Alaska,170,Matanuska-Susitna,61.5988976486,-149.1062195569
07/18/2015,20680003,1,0.02,ppm,17,24,100,44201,Ozone,,,2,Alaska,68,Denali,63.7232000007,-148.9676
07/18/2015,20900034,1,0.015,ppm,13,24,100,44201,Ozone,21820,"Fairbanks, AK",2,Alaska,90,Fairbanks North Star,64.8456900007,-147.727413
07/18/2015,21700012,1,0.025,ppm,21,24,100,44201,Ozone,11260,"Anchorage, AK",2,Alaska,170,Matanuska-Susitna,61.5988976486,-149.1062195569
07/19/2015,20680003,1,0.019,ppm,16,24,100,44201,Ozone,,,2,Alaska,68,Denali,63.7232000007,-148.9676
07/19/2015,20900034,1,0.012,ppm,10,24,100,44201,Ozone,21820,"Fairbanks, AK",2,Alaska,90,Fairbanks North Star,64.8456900007,-147.727413
07/19/2015,21700012,1,0.023,ppm,19,24,100,44201,Ozone,11260,"Anchorage, AK",2,Alaska,170,Matanuska-Susitna,61.5988976486,-149.1062195569
07/20/2015,20680003,1,0.025,ppm,21,24,100,44201,Ozone,,,2,Alaska,68,Denali,63.7232000007,-148.9676
07/20/2015,20900034,1,0.017,ppm,14,22,92,44201,Ozone,21820,"Fairbanks, AK",2,Alaska,90,Fairbanks North Star,64.8456900007,-147.727413
07/20/2015,21700012,1,0.023,ppm,19,24,100,44201,Ozone,11260,"Anchorage, AK",2,Alaska,170,Matanuska-Susitna,61.5988976486,-149.1062195569
07/21/2015,20680003,1,0.028,ppm,24,24,100,44201,Ozone,,,2,Alaska,68,Denali,63.7232000007,-148.9676
07/21/2015,21700012,1,0.027,ppm,23,24,100,44201,Ozone,11260,"Anchorage, AK",2,Alaska,170,Matanuska-Susitna,61.5988976486,-149.1062195569
07/22/2015,20680003,1,0.027,ppm,23,24,100,44201,Ozone,,,2,Alaska,68,Denali,63.7232000007,-148.9676
07/22/2015,20900034,1,0.012,ppm,10,24,100,44201,Ozone,21820,"Fairbanks, AK",2,Alaska,90,Fairbanks North Star,64.8456900007,-147.727413
07/22/2015,21700012,1,0.029,ppm,25,24,100,44201,Ozone,11260,"Anchorage, AK",2,Alaska,170,Matanuska-Susitna,61.5988976486,-149.1062195569
07/23/2015,20680003,1,0.026,ppm,22,24,100,44201,Ozone,,,2,Alaska,68,Denali,63.7232000007,-148.9676
07/23/2015,20900034,1,0.031,ppm,26,24,100,44201,Ozone,21820,"Fairbanks, AK",2,Alaska,90,Fairbanks North Star,64.8456900007,-147.727413
07/23/2015,21700012,1,0.026,ppm,22,24,100,44201,Ozone,11260,"Anchorage, AK",2,Alaska,170,Matanuska-Susitna,61.5988976486,-149.1062195569
07/24/2015,20680003,1,0.029,ppm,25,24,100,44201,Ozone,,,2,Alaska,68,Denali,63.7232000007,-148.9676
07/24/2015,21700012,1,0.032,ppm,27,24,100,44201,Ozone,11260,"Anchorage, AK",2,Alaska,170,Matanuska-Susitna,61.5988976486,-149.1062195569
07/25/2015,20680003,1,0.026,ppm,22,24,100,44201,Ozone,,,2,Alaska,68,Denali,63.7232000007,-148.9676
07/25/2015,20900034,1,0.013,ppm,11,24,100,44201,Ozone,21820,"Fairbanks, AK",2,Alaska,90,Fairbanks North Star,64.8456900007,-147.727413
07/25/2015,21700012,1,0.027,ppm,23,24,100,44201,Ozone,11260,"Anchorage, AK",2,Alaska,170,Matanuska-Susitna,61.5988976486,-149.1062195569
07/26/2015,20680003,1,0.026,ppm,22,24,100,44201,Ozone,,,2,Alaska,68,Denali,63.7232000007,-148.9676
07/26/2015,20900034,1,0.014,ppm,12,24,100,44201,Ozone,21820,"Fairbanks, AK",2,Alaska,90,Fairbanks North Star,64.8456900007,-147.727413
07/26/2015,21700012,1,0.022,ppm,19,24,100,44201,Ozone,11260,"Anchorage, AK",2,Alaska,170,Matanuska-Susitna,61.5988976486,-149.1062195569
07/27/2015,20680003,1,0.018,ppm,15,24,100,44201,Ozone,,,2,Alaska,68,Denali,63.7232000007,-148.9676
07/27/2015,20900034,1,0.017,ppm,14,24,100,44201,Ozone,21820,"Fairbanks, AK",2,Alaska,90,Fairbanks North Star,64.8456900007,-147.727413
07/27/2015,21700012,1,0.022,ppm,19,24,100,44201,Ozone,11260,"Anchorage, AK",2,Alaska,170,Matanuska-Susitna,61.5988976486,-149.1062195569
07/28/2015,20680003,1,0.025,ppm,21,24,100,44201,Ozone,,,2,Alaska,68,Denali,63.7232000007,-148.9676
07/28/2015,20900034,1,0.022,ppm,19,24,100,44201,Ozone,21820,"Fairbanks, AK",2,Alaska,90,Fairbanks North Star,64.8456900007,-147.727413
07/28/2015,21700012,1,0.023,ppm,19,24,100,44201,Ozone,11260,"Anchorage, AK",2,Alaska,170,Matanuska-Susitna,61.5988976486,-149.1062195569
07/29/2015,20680003,1,0.03,ppm,25,24,100,44201,Ozone,,,2,Alaska,68,Denali,63.7232000007,-148.9676
07/29/2015,20900034,1,0.022,ppm,19,24,100,44201,Ozone,21820,"Fairbanks, AK",2,Alaska,90,Fairbanks North Star,64.8456900007,-147.727413
07/29/2015,21700012,1,0.02,ppm,17,24,100,44201,Ozone,11260,"Anchorage, AK",2,Alaska,170,Matanuska-Susitna,61.5988976486,-149.1062195569
07/30/2015,20680003,1,0.028,ppm,24,24,100,44201,Ozone,,,2,Alaska,68,Denali,63.7232000007,-148.9676
07/30/2015,20900034,1,0.022,ppm,19,24,100,44201,Ozone,21820,"Fairbanks, AK",2,Alaska,90,Fairbanks North Star,64.8456900007,-147.727413
07/30/2015,21700012,1,0.021,ppm,18,24,100,44201,Ozone,11260,"Anchorage, AK",2,Alaska,170,Matanuska-Susitna,61.5988976486,-149.1062195569
07/31/2015,20680003,1,0.026,ppm,22,24,100,44201,Ozone,,,2,Alaska,68,Denali,63.7232000007,-148.9676
07/31/2015,20900034,1,0.024,ppm,20,24,100,44201,Ozone,21820,"Fairbanks, AK",2,Alaska,90,Fairbanks North Star,64.8456900007,-147.727413
07/31/2015,21700012,1,0.026,ppm,22,24,100,44201,Ozone,11260,"Anchorage, AK",2,Alaska,170,Matanuska-Susitna,61.5988976486,-149.1062195569
08/01/2015,20680003,1,0.026,ppm,22,24,100,44201,Ozone,,,2,Alaska,68,Denali,63.7232000007,-148.9676
08/01/2015,20900034,1,0.02,ppm,17,24,100,44201,Ozone,21820,"Fairbanks, AK",2,Alaska,90,Fairbanks North Star,64.8456900007,-147.727413
08/01/2015,21700012,1,0.028,ppm,24,24,100,44201,Ozone,11260,"Anchorage, AK",2,Alaska,170,Matanuska-Susitna,61.5988976486,-149.1062195569
08/02/2015,20680003,1,0.02,ppm,17,24,100,44201,Ozone,,,2,Alaska,68,Denali,63.7232000007,-148.9676
08/02/2015,20900034,1,0.012,ppm,10,24,100,44201,Ozone,21820,"Fairbanks, AK",2,Alaska,90,Fairbanks North Star,64.8456900007,-147.727413
08/02/2015,21700012,1,0.026,ppm,22,24,100,44201,Ozone,11260,"Anchorage, AK",2,Alaska,170,Matanuska-Susitna,61.5988976486,-149.1062195569
08/03/2015,20680003,1,0.024,ppm,20,24,100,44201,Ozone,,,2,Alaska,68,Denali,63.7232000007,-148.9676
08/03/2015,20900034,1,0.017,ppm,14,24,100,44201,Ozone,21820,"Fairbanks, AK",2,Alaska,90,Fairbanks North Star,64.8456900007,-147.727413
08/03/2015,21700012,1,0.031,ppm,26,24,100,44201,Ozone,11260,"Anchorage, AK",2,Alaska,170,Matanuska-Susitna,61.5988976486,-149.1062195569
08/04/2015,20680003,1,0.028,ppm,24,24,100,44201,Ozone,,,2,Alaska,68,Denali,63.7232000007,-148.9676
08/04/2015,20900034,1,0.028,ppm,24,24,100,44201,Ozone,21820,"Fairbanks, AK",2,Alaska,90,Fairbanks North Star,64.8456900007,-147.727413
08/04/2015,21700012,1,0.034,ppm,29,24,100,44201,Ozone,11260,"Anchorage, AK",2,Alaska,170,Matanuska-Susitna,61.5988976486,-149.1062195569
08/05/2015,20680003,1,0.03,ppm,25,24,100,44201,Ozone,,,2,Alaska,68,Denali,63.7232000007,-148.9676
08/05/2015,20900034,1,0.017,ppm,14,24,100,44201,Ozone,21820,"Fairbanks, AK",2,Alaska,90,Fairbanks North Star,64.8456900007,-147.727413
08/05/2015,21700012,1,0.03,ppm,25,24,100,44201,Ozone,11260,"Anchorage, AK",2,Alaska,170,Matanuska-Susitna,61.5988976486,-149.1062195569
08/06/2015,20680003,1,0.033,ppm,28,24,100,44201,Ozone,,,2,Alaska,68,Denali,63.7232000007,-148.9676
08/06/2015,20900034,1,0.023,ppm,19,24,100,44201,Ozone,21820,"Fairbanks, AK",2,Alaska,90,Fairbanks North Star,64.8456900007,-147.727413
08/06/2015,21700012,1,0.027,ppm,23,24,100,44201,Ozone,11260,"Anchorage, AK",2,Alaska,170,Matanuska-Susitna,61.5988976486,-149.1062195569
08/07/2015,20680003,1,0.032,ppm,27,24,100,44201,Ozone,,,2,Alaska,68,Denali,63.7232000007,-148.9676
08/07/2015,20900034,1,0.031,ppm,26,24,100,44201,Ozone,21820,"Fairbanks, AK",2,Alaska,90,Fairbanks North Star,64.8456900007,-147.727413
08/07/2015,21700012,1,0.03,ppm,25,24,100,44201,Ozone,11260,"Anchorage, AK",2,Alaska,170,Matanuska-Susitna,61.5988976486,-149.1062195569
08/08/2015,20680003,1,0.028,ppm,24,24,100,44201,Ozone,,,2,Alaska,68,Denali,63.7232000007,-148.9676
08/08/2015,20900034,1,0.028,ppm,24,24,100,44201,Ozone,21820,"Fairbanks, AK",2,Alaska,90,Fairbanks North Star,64.8456900007,-147.727413
08/08/2015,21700012,1,0.024,ppm,20,24,100,44201,Ozone,11260,"Anchorage, AK",2,Alaska,170,Matanuska-Susitna,61.5988976486,-149.1062195569
08/09/2015,20680003,1,0.027,ppm,23,24,100,44201,Ozone,,,2,Alaska,68,Denali,63.7232000007,-148.9676
08/09/2015,20900034,1,0.023,ppm,19,24,100,44201,Ozone,21820,"Fairbanks, AK",2,Alaska,90,Fairbanks North Star,64.8456900007,-147.727413
08/09/2015,21700012,1,0.023,ppm,19,24,100,44201,Ozone,11260,"Anchorage, AK",2,Alaska,170,Matanuska-Susitna,61.5988976486,-149.1062195569
08/10/2015,20680003,1,0.024,ppm,20,24,100,44201,Ozone,,,2,Alaska,68,Denali,63.7232000007,-148.9676
08/10/2015,20900034,1,0.017,ppm,14,24,100,44201,Ozone,21820,"Fairbanks, AK",2,Alaska,90,Fairbanks North Star,64.8456900007,-147.727413
08/10/2015,21700012,1,0.018,ppm,15,24,100,44201,Ozone,11260,"Anchorage, AK",2,Alaska,170,Matanuska-Susitna,61.5988976486,-149.1062195569
08/11/2015,20680003,1,0.027,ppm,23,24,100,44201,Ozone,,,2,Alaska,68,Denali,63.7232000007,-148.9676
08/11/2015,20900034,1,0.022,ppm,19,24,100,44201,Ozone,21820,"Fairbanks, AK",2,Alaska,90,Fairbanks North Star,64.8456900007,-147.727413
08/11/2015,21700012,1,0.023,ppm,19,24,100,44201,Ozone,11260,"Anchorage, AK",2,Alaska,170,Matanuska-Susitna,61.5988976486,-149.1062195569
08/12/2015,20680003,1,0.025,ppm,21,24,100,44201,Ozone,,,2,Alaska,68,Denali,63.7232000007,-148.9676
08/12/2015,20900034,1,0.02,ppm,17,24,100,44201,Ozone,21820,"Fairbanks, AK",2,Alaska,90,Fairbanks North Star,64.8456900007,-147.727413
08/12/2015,21700012,1,0.025,ppm,21,24,100,44201,Ozone,11260,"Anchorage, AK",2,Alaska,170,Matanuska-Susitna,61.5988976486,-149.1062195569
08/13/2015,20680003,1,0.02,ppm,17,24,100,44201,Ozone,,,2,Alaska,68,Denali,63.7232000007,-148.9676
08/13/2015,20900034,1,0.016,ppm,14,24,100,44201,Ozone,21820,"Fairbanks, AK",2,Alaska,90,Fairbanks North Star,64.8456900007,-147.727413
08/13/2015,21700012,1,0.029,ppm,25,24,100,44201,Ozone,11260,"Anchorage, AK",2,Alaska,170,Matanuska-Susitna,61.5988976486,-149.1062195569
08/14/2015,20680003,1,0.029,ppm,25,24,100,44201,Ozone,,,2,Alaska,68,Denali,63.7232000007,-148.9676
08/14/2015,20900034,1,0.021,ppm,18,24,100,44201,Ozone,21820,"Fairbanks, AK",2,Alaska,90,Fairbanks North Star,64.8456900007,-147.727413
08/14/2015,21700012,1,0.03,ppm,25,24,100,44201,Ozone,11260,"Anchorage, AK",2,Alaska,170,Matanuska-Susitna,61.5988976486,-149.1062195569
08/15/2015,20680003,1,0.031,ppm,26,24,100,44201,Ozone,,,2,Alaska,68,Denali,63.7232000007,-148.9676
08/15/2015,20900034,1,0.028,ppm,24,24,100,44201,Ozone,21820,"Fairbanks, AK",2,Alaska,90,Fairbanks North Star,64.8456900007,-147.727413
08/15/2015,21700012,1,0.017,ppm,14,24,100,44201,Ozone,11260,"Anchorage, AK",2,Alaska,170,Matanuska-Susitna,61.5988976486,-149.1062195569
08/16/2015,20680003,1,0.028,ppm,24,24,100,44201,Ozone,,,2,Alaska,68,Denali,63.7232000007,-148.9676
08/16/2015,20900034,1,0.023,ppm,19,24,100,44201,Ozone,21820,"Fairbanks, AK",2,Alaska,90,Fairbanks North Star,64.8456900007,-147.727413
08/16/2015,21700012,1,0.017,ppm,14,24,100,44201,Ozone,11260,"Anchorage, AK",2,Alaska,170,Matanuska-Susitna,61.5988976486,-149.1062195569
08/17/2015,20680003,1,0.028,ppm,24,24,100,44201,Ozone,,,2,Alaska,68,Denali,63.7232000007,-148.9676
08/17/2015,20900034,1,0.025,ppm,21,22,92,44201,Ozone,21820,"Fairbanks, AK",2,Alaska,90,Fairbanks North Star,64.8456900007,-147.727413
08/17/2015,21700012,1,0.023,ppm,19,24,100,44201,Ozone,11260,"Anchorage, AK",2,Alaska,170,Matanuska-Susitna,61.5988976486,-149.1062195569
08/18/2015,20680003,1,0.024,ppm,20,24,100,44201,Ozone,,,2,Alaska,68,Denali,63.7232000007,-148.9676
08/18/2015,20900034,1,0.013,ppm,11,24,100,44201,Ozone,21820,"Fairbanks, AK",2,Alaska,90,Fairbanks North Star,64.8456900007,-147.727413
08/18/2015,21700012,1,0.018,ppm,15,24,100,44201,Ozone,11260,"Anchorage, AK",2,Alaska,170,Matanuska-Susitna,61.5988976486,-149.1062195569
08/19/2015,20680003,1,0.024,ppm,20,24,100,44201,Ozone,,,2,Alaska,68,Denali,63.7232000007,-148.9676
08/19/2015,20900034,1,0.017,ppm,14,24,100,44201,Ozone,21820,"Fairbanks, AK",2,Alaska,90,Fairbanks North Star,64.8456900007,-147.727413
08/19/2015,21700012,1,0.016,ppm,14,24,100,44201,Ozone,11260,"Anchorage, AK",2,Alaska,170,Matanuska-Susitna,61.5988976486,-149.1062195569
08/20/2015,20680003,1,0.027,ppm,23,24,100,44201,Ozone,,,2,Alaska,68,Denali,63.7232000007,-148.9676
08/20/2015,20900034,1,0.02,ppm,17,24,100,44201,Ozone,21820,"Fairbanks, AK",2,Alaska,90,Fairbanks North Star,64.8456900007,-147.727413
08/20/2015,21700012,1,0.021,ppm,18,24,100,44201,Ozone,11260,"Anchorage, AK",2,Alaska,170,Matanuska-Susitna,61.5988976486,-149.1062195569
08/21/2015,20680003,1,0.025,ppm,21,24,100,44201,Ozone,,,2,Alaska,68,Denali,63.7232000007,-148.9676
08/21/2015,20900034,1,0.02,ppm,17,24,100,44201,Ozone,21820,"Fairbanks, AK",2,Alaska,90,Fairbanks North Star,64.8456900007,-147.727413
08/21/2015,21700012,1,0.018,ppm,15,24,100,44201,Ozone,11260,"Anchorage, AK",2,Alaska,170,Matanuska-Susitna,61.5988976486,-149.1062195569
08/22/2015,20680003,1,0.021,ppm,18,24,100,44201,Ozone,,,2,Alaska,68,Denali,63.7232000007,-148.9676
08/22/2015,20900034,1,0.018,ppm,15,24,100,44201,Ozone,21820,"Fairbanks, AK",2,Alaska,90,Fairbanks North Star,64.8456900007,-147.727413
08/22/2015,21700012,1,0.018,ppm,15,24,100,44201,Ozone,11260,"Anchorage, AK",2,Alaska,170,Matanuska-Susitna,61.5988976486,-149.1062195569
08/23/2015,20680003,1,0.021,ppm,18,24,100,44201,Ozone,,,2,Alaska,68,Denali,63.7232000007,-148.9676
08/23/2015,20900034,1,0.014,ppm,12,24,100,44201,Ozone,21820,"Fairbanks, AK",2,Alaska,90,Fairbanks North Star,64.8456900007,-147.727413
08/23/2015,21700012,1,0.015,ppm,13,24,100,44201,Ozone,11260,"Anchorage, AK",2,Alaska,170,Matanuska-Susitna,61.5988976486,-149.1062195569
08/24/2015,20680003,1,0.022,ppm,19,24,100,44201,Ozone,,,2,Alaska,68,Denali,63.7232000007,-148.9676
08/24/2015,20900034,1,0.018,ppm,15,24,100,44201,Ozone,21820,"Fairbanks, AK",2,Alaska,90,Fairbanks North Star,64.8456900007,-147.727413
08/24/2015,21700012,1,0.019,ppm,16,24,100,44201,Ozone,11260,"Anchorage, AK",2,Alaska,170,Matanuska-Susitna,61.5988976486,-149.1062195569
08/25/2015,20680003,1,0.021,ppm,18,24,100,44201,Ozone,,,2,Alaska,68,Denali,63.7232000007,-148.9676
08/25/2015,20900034,1,0.013,ppm,11,24,100,44201,Ozone,21820,"Fairbanks, AK",2,Alaska,90,Fairbanks North Star,64.8456900007,-147.727413
08/25/2015,21700012,1,0.023,ppm,19,24,100,44201,Ozone,11260,"Anchorage, AK",2,Alaska,170,Matanuska-Susitna,61.5988976486,-149.1062195569
08/26/2015,20680003,1,0.022,ppm,19,24,100,44201,Ozone,,,2,Alaska,68,Denali,63.7232000007,-148.9676
08/26/2015,20900034,1,0.017,ppm,14,24,100,44201,Ozone,21820,"Fairbanks, AK",2,Alaska,90,Fairbanks North Star,64.8456900007,-147.727413
08/26/2015,21700012,1,0.019,ppm,16,24,100,44201,Ozone,11260,"Anchorage, AK",2,Alaska,170,Matanuska-Susitna,61.5988976486,-149.1062195569
08/27/2015,20680003,1,0.027,ppm,23,24,100,44201,Ozone,,,2,Alaska,68,Denali,63.7232000007,-148.9676
08/27/2015,20900034,1,0.02,ppm,17,24,100,44201,Ozone,21820,"Fairbanks, AK",2,Alaska,90,Fairbanks North Star,64.8456900007,-147.727413
08/27/2015,21700012,1,0.023,ppm,19,24,100,44201,Ozone,11260,"Anchorage, AK",2,Alaska,170,Matanuska-Susitna,61.5988976486,-149.1062195569
08/28/2015,20680003,1,0.029,ppm,25,24,100,44201,Ozone,,,2,Alaska,68,Denali,63.7232000007,-148.9676
08/28/2015,20900034,1,0.024,ppm,20,24,100,44201,Ozone,21820,"Fairbanks, AK",2,Alaska,90,Fairbanks North Star,64.8456900007,-147.727413
08/28/2015,21700012,1,0.031,ppm,26,24,100,44201,Ozone,11260,"Anchorage, AK",2,Alaska,170,Matanuska-Susitna,61.5988976486,-149.1062195569
08/29/2015,20680003,1,0.026,ppm,22,24,100,44201,Ozone,,,2,Alaska,68,Denali,63.7232000007,-148.9676
08/29/2015,20900034,1,0.018,ppm,15,24,100,44201,Ozone,21820,"Fairbanks, AK",2,Alaska,90,Fairbanks North Star,64.8456900007,-147.727413
08/29/2015,21700012,1,0.023,ppm,19,24,100,44201,Ozone,11260,"Anchorage, AK",2,Alaska,170,Matanuska-Susitna,61.5988976486,-149.1062195569
08/30/2015,20680003,1,0.027,ppm,23,24,100,44201,Ozone,,,2,Alaska,68,Denali,63.7232000007,-148.9676
08/30/2015,20900034,1,0.024,ppm,20,24,100,44201,Ozone,21820,"Fairbanks, AK",2,Alaska,90,Fairbanks North Star,64.8456900007,-147.727413
08/30/2015,21700012,1,0.025,ppm,21,24,100,44201,Ozone,11260,"Anchorage, AK",2,Alaska,170,Matanuska-Susitna,61.5988976486,-149.1062195569
08/31/2015,20680003,1,0.023,ppm,19,24,100,44201,Ozone,,,2,Alaska,68,Denali,63.7232000007,-148.9676
08/31/2015,20900034,1,0.017,ppm,14,24,100,44201,Ozone,21820,"Fairbanks, AK",2,Alaska,90,Fairbanks North Star,64.8456900007,-147.727413
08/31/2015,21700012,1,0.021,ppm,18,24,100,44201,Ozone,11260,"Anchorage, AK",2,Alaska,170,Matanuska-Susitna,61.5988976486,-149.1062195569
09/01/2015,20680003,1,0.024,ppm,20,24,100,44201,Ozone,,,2,Alaska,68,Denali,63.7232000007,-148.9676
09/01/2015,20900034,1,0.022,ppm,19,24,100,44201,Ozone,21820,"Fairbanks, AK",2,Alaska,90,Fairbanks North Star,64.8456900007,-147.727413
09/01/2015,21700012,1,0.022,ppm,19,24,100,44201,Ozone,11260,"Anchorage, AK",2,Alaska,170,Matanuska-Susitna,61.5988976486,-149.1062195569
09/02/2015,20680003,1,0.023,ppm,19,24,100,44201,Ozone,,,2,Alaska,68,Denali,63.7232000007,-148.9676
09/02/2015,21700012,1,0.022,ppm,19,24,100,44201,Ozone,11260,"Anchorage, AK",2,Alaska,170,Matanuska-Susitna,61.5988976486,-149.1062195569
09/03/2015,20680003,1,0.025,ppm,21,24,100,44201,Ozone,,,2,Alaska,68,Denali,63.7232000007,-148.9676
09/03/2015,20900034,1,0.017,ppm,14,24,100,44201,Ozone,21820,"Fairbanks, AK",2,Alaska,90,Fairbanks North Star,64.8456900007,-147.727413
09/03/2015,21700012,1,0.021,ppm,18,24,100,44201,Ozone,11260,"Anchorage, AK",2,Alaska,170,Matanuska-Susitna,61.5988976486,-149.1062195569
09/04/2015,20680003,1,0.027,ppm,23,24,100,44201,Ozone,,,2,Alaska,68,Denali,63.7232000007,-148.9676
09/04/2015,20900034,1,0.015,ppm,13,24,100,44201,Ozone,21820,"Fairbanks, AK",2,Alaska,90,Fairbanks North Star,64.8456900007,-147.727413
09/04/2015,21700012,1,0.018,ppm,15,24,100,44201,Ozone,11260,"Anchorage, AK",2,Alaska,170,Matanuska-Susitna,61.5988976486,-149.1062195569
09/05/2015,20680003,1,0.026,ppm,22,24,100,44201,Ozone,,,2,Alaska,68,Denali,63.7232000007,-148.9676
09/05/2015,20900034,1,0.016,ppm,14,24,100,44201,Ozone,21820,"Fairbanks, AK",2,Alaska,90,Fairbanks North Star,64.8456900007,-147.727413
09/05/2015,21700012,1,0.019,ppm,16,24,100,44201,Ozone,11260,"Anchorage, AK",2,Alaska,170,Matanuska-Susitna,61.5988976486,-149.1062195569
09/06/2015,20680003,1,0.024,ppm,20,24,100,44201,Ozone,,,2,Alaska,68,Denali,63.7232000007,-148.9676
09/06/2015,20900034,1,0.02,ppm,17,24,100,44201,Ozone,21820,"Fairbanks, AK",2,Alaska,90,Fairbanks North Star,64.8456900007,-147.727413
09/06/2015,21700012,1,0.016,ppm,14,24,100,44201,Ozone,11260,"Anchorage, AK",2,Alaska,170,Matanuska-Susitna,61.5988976486,-149.1062195569
09/07/2015,20680003,1,0.023,ppm,19,24,100,44201,Ozone,,,2,Alaska,68,Denali,63.7232000007,-148.9676
09/07/2015,20900034,1,0.019,ppm,16,24,100,44201,Ozone,21820,"Fairbanks, AK",2,Alaska,90,Fairbanks North Star,64.8456900007,-147.727413
09/07/2015,21700012,1,0.017,ppm,14,24,100,44201,Ozone,11260,"Anchorage, AK",2,Alaska,170,Matanuska-Susitna,61.5988976486,-149.1062195569
09/08/2015,20680003,1,0.024,ppm,20,24,100,44201,Ozone,,,2,Alaska,68,Denali,63.7232000007,-148.9676
09/08/2015,20900034,1,0.017,ppm,14,24,100,44201,Ozone,21820,"Fairbanks, AK",2,Alaska,90,Fairbanks North Star,64.8456900007,-147.727413
09/08/2015,21700012,1,0.023,ppm,19,24,100,44201,Ozone,11260,"Anchorage, AK",2,Alaska,170,Matanuska-Susitna,61.5988976486,-149.1062195569
09/09/2015,20680003,1,0.028,ppm,24,24,100,44201,Ozone,,,2,Alaska,68,Denali,63.7232000007,-148.9676
09/09/2015,20900034,1,0.018,ppm,15,24,100,44201,Ozone,21820,"Fairbanks, AK",2,Alaska,90,Fairbanks North Star,64.8456900007,-147.727413
09/09/2015,21700012,1,0.026,ppm,22,24,100,44201,Ozone,11260,"Anchorage, AK",2,Alaska,170,Matanuska-Susitna,61.5988976486,-149.1062195569
09/10/2015,20680003,1,0.031,ppm,26,24,100,44201,Ozone,,,2,Alaska,68,Denali,63.7232000007,-148.9676
09/10/2015,20900034,1,0.025,ppm,21,24,100,44201,Ozone,21820,"Fairbanks, AK",2,Alaska,90,Fairbanks North Star,64.8456900007,-147.727413
09/10/2015,21700012,1,0.028,ppm,24,24,100,44201,Ozone,11260,"Anchorage, AK",2,Alaska,170,Matanuska-Susitna,61.5988976486,-149.1062195569
09/11/2015,20680003,1,0.031,ppm,26,24,100,44201,Ozone,,,2,Alaska,68,Denali,63.7232000007,-148.9676
09/11/2015,20900034,1,0.022,ppm,19,24,100,44201,Ozone,21820,"Fairbanks, AK",2,Alaska,90,Fairbanks North Star,64.8456900007,-147.727413
09/11/2015,21700012,1,0.026,ppm,22,24,100,44201,Ozone,11260,"Anchorage, AK",2,Alaska,170,Matanuska-Susitna,61.5988976486,-149.1062195569
09/12/2015,20680003,1,0.021,ppm,18,24,100,44201,Ozone,,,2,Alaska,68,Denali,63.7232000007,-148.9676
09/12/2015,20900034,1,0.016,ppm,14,24,100,44201,Ozone,21820,"Fairbanks, AK",2,Alaska,90,Fairbanks North Star,64.8456900007,-147.727413
09/12/2015,21700012,1,0.014,ppm,12,24,100,44201,Ozone,11260,"Anchorage, AK",2,Alaska,170,Matanuska-Susitna,61.5988976486,-149.1062195569
09/13/2015,20680003,1,0.02,ppm,17,24,100,44201,Ozone,,,2,Alaska,68,Denali,63.7232000007,-148.9676
09/13/2015,20900034,1,0.012,ppm,10,24,100,44201,Ozone,21820,"Fairbanks, AK",2,Alaska,90,Fairbanks North Star,64.8456900007,-147.727413
09/13/2015,21700012,1,0.018,ppm,15,24,100,44201,Ozone,11260,"Anchorage, AK",2,Alaska,170,Matanuska-Susitna,61.5988976486,-149.1062195569
09/14/2015,20680003,1,0.024,ppm,20,24,100,44201,Ozone,,,2,Alaska,68,Denali,63.7232000007,-148.9676
09/14/2015,20900034,1,0.014,ppm,12,24,100,44201,Ozone,21820,"Fairbanks, AK",2,Alaska,90,Fairbanks North Star,64.8456900007,-147.727413
09/14/2015,21700012,1,0.022,ppm,19,24,100,44201,Ozone,11260,"Anchorage, AK",2,Alaska,170,Matanuska-Susitna,61.5988976486,-149.1062195569
09/15/2015,20680003,1,0.02,ppm,17,24,100,44201,Ozone,,,2,Alaska,68,Denali,63.7232000007,-148.9676
09/15/2015,20900034,1,0.013,ppm,11,24,100,44201,Ozone,21820,"Fairbanks, AK",2,Alaska,90,Fairbanks North Star,64.8456900007,-147.727413
09/15/2015,21700012,1,0.016,ppm,14,24,100,44201,Ozone,11260,"Anchorage, AK",2,Alaska,170,Matanuska-Susitna,61.5988976486,-149.1062195569
09/16/2015,20680003,1,0.018,ppm,15,24,100,44201,Ozone,,,2,Alaska,68,Denali,63.7232000007,-148.9676
09/16/2015,20900034,1,0.008,ppm,7,24,100,44201,Ozone,21820,"Fairbanks, AK",2,Alaska,90,Fairbanks North Star,64.8456900007,-147.727413
09/17/2015,20680003,1,0.012,ppm,10,24,100,44201,Ozone,,,2,Alaska,68,Denali,63.7232000007,-148.9676
09/17/2015,20900034,1,0.006,ppm,5,24,100,44201,Ozone,21820,"Fairbanks, AK",2,Alaska,90,Fairbanks North Star,64.8456900007,-147.727413
09/17/2015,21700012,1,0.014,ppm,12,24,100,44201,Ozone,11260,"Anchorage, AK",2,Alaska,170,Matanuska-Susitna,61.5988976486,-149.1062195569
09/18/2015,20680003,1,0.011,ppm,9,24,100,44201,Ozone,,,2,Alaska,68,Denali,63.7232000007,-148.9676
09/18/2015,20900034,1,0.008,ppm,7,24,100,44201,Ozone,21820,"Fairbanks, AK",2,Alaska,90,Fairbanks North Star,64.8456900007,-147.727413
09/18/2015,21700012,1,0.016,ppm,14,24,100,44201,Ozone,11260,"Anchorage, AK",2,Alaska,170,Matanuska-Susitna,61.5988976486,-149.1062195569
09/19/2015,20680003,1,0.011,ppm,9,24,100,44201,Ozone,,,2,Alaska,68,Denali,63.7232000007,-148.9676
09/19/2015,20900034,1,0.012,ppm,10,24,100,44201,Ozone,21820,"Fairbanks, AK",2,Alaska,90,Fairbanks North Star,64.8456900007,-147.727413
09/19/2015,21700012,1,0.019,ppm,16,24,100,44201,Ozone,11260,"Anchorage, AK",2,Alaska,170,Matanuska-Susitna,61.5988976486,-149.1062195569
09/20/2015,20680003,1,0.012,ppm,10,24,100,44201,Ozone,,,2,Alaska,68,Denali,63.7232000007,-148.9676
09/20/2015,20900034,1,0.018,ppm,15,24,100,44201,Ozone,21820,"Fairbanks, AK",2,Alaska,90,Fairbanks North Star,64.8456900007,-147.727413
09/20/2015,21700012,1,0.019,ppm,16,24,100,44201,Ozone,11260,"Anchorage, AK",2,Alaska,170,Matanuska-Susitna,61.5988976486,-149.1062195569
09/21/2015,20680003,1,0.02,ppm,17,24,100,44201,Ozone,,,2,Alaska,68,Denali,63.7232000007,-148.9676
09/21/2015,20900034,1,0.017,ppm,14,24,100,44201,Ozone,21820,"Fairbanks, AK",2,Alaska,90,Fairbanks North Star,64.8456900007,-147.727413
09/21/2015,21700012,1,0.017,ppm,14,24,100,44201,Ozone,11260,"Anchorage, AK",2,Alaska,170,Matanuska-Susitna,61.5988976486,-149.1062195569
09/22/2015,20680003,1,0.026,ppm,22,24,100,44201,Ozone,,,2,Alaska,68,Denali,63.7232000007,-148.9676
09/22/2015,20900034,1,0.022,ppm,19,24,100,44201,Ozone,21820,"Fairbanks, AK",2,Alaska,90,Fairbanks North Star,64.8456900007,-147.727413
09/22/2015,21700012,1,0.018,ppm,15,24,100,44201,Ozone,11260,"Anchorage, AK",2,Alaska,170,Matanuska-Susitna,61.5988976486,-149.1062195569
09/23/2015,20680003,1,0.026,ppm,22,24,100,44201,Ozone,,,2,Alaska,68,Denali,63.7232000007,-148.9676
09/23/2015,20900034,1,0.019,ppm,16,24,100,44201,Ozone,21820,"Fairbanks, AK",2,Alaska,90,Fairbanks North Star,64.8456900007,-147.727413
09/23/2015,21700012,1,0.019,ppm,16,24,100,44201,Ozone,11260,"Anchorage, AK",2,Alaska,170,Matanuska-Susitna,61.5988976486,-149.1062195569
09/24/2015,20680003,1,0.025,ppm,21,24,100,44201,Ozone,,,2,Alaska,68,Denali,63.7232000007,-148.9676
09/24/2015,20900034,1,0.018,ppm,15,24,100,44201,Ozone,21820,"Fairbanks, AK",2,Alaska,90,Fairbanks North Star,64.8456900007,-147.727413
09/24/2015,21700012,1,0.016,ppm,14,24,100,44201,Ozone,11260,"Anchorage, AK",2,Alaska,170,Matanuska-Susitna,61.5988976486,-149.1062195569
09/25/2015,20680003,1,0.022,ppm,19,24,100,44201,Ozone,,,2,Alaska,68,Denali,63.7232000007,-148.9676
09/25/2015,20900034,1,0.014,ppm,12,24,100,44201,Ozone,21820,"Fairbanks, AK",2,Alaska,90,Fairbanks North Star,64.8456900007,-147.727413
09/25/2015,21700012,1,0.022,ppm,19,24,100,44201,Ozone,11260,"Anchorage, AK",2,Alaska,170,Matanuska-Susitna,61.5988976486,-149.1062195569
09/26/2015,20680003,1,0.026,ppm,22,24,100,44201,Ozone,,,2,Alaska,68,Denali,63.7232000007,-148.9676
09/26/2015,20900034,1,0.014,ppm,12,24,100,44201,Ozone,21820,"Fairbanks, AK",2,Alaska,90,Fairbanks North Star,64.8456900007,-147.727413
09/26/2015,21700012,1,0.016,ppm,14,24,100,44201,Ozone,11260,"Anchorage, AK",2,Alaska,170,Matanuska-Susitna,61.5988976486,-149.1062195569
09/27/2015,20680003,1,0.03,ppm,25,24,100,44201,Ozone,,,2,Alaska,68,Denali,63.7232000007,-148.9676
09/27/2015,20900034,1,0.02,ppm,17,24,100,44201,Ozone,21820,"Fairbanks, AK",2,Alaska,90,Fairbanks North Star,64.8456900007,-147.727413
09/27/2015,21700012,1,0.025,ppm,21,24,100,44201,Ozone,11260,"Anchorage, AK",2,Alaska,170,Matanuska-Susitna,61.5988976486,-149.1062195569
09/28/2015,20680003,1,0.029,ppm,25,24,100,44201,Ozone,,,2,Alaska,68,Denali,63.7232000007,-148.9676
09/28/2015,20900034,1,0.013,ppm,11,24,100,44201,Ozone,21820,"Fairbanks, AK",2,Alaska,90,Fairbanks North Star,64.8456900007,-147.727413
09/28/2015,21700012,1,0.016,ppm,14,24,100,44201,Ozone,11260,"Anchorage, AK",2,Alaska,170,Matanuska-Susitna,61.5988976486,-149.1062195569
09/29/2015,20680003,1,0.025,ppm,21,24,100,44201,Ozone,,,2,Alaska,68,Denali,63.7232000007,-148.9676
09/29/2015,20900034,1,0.016,ppm,14,24,100,44201,Ozone,21820,"Fairbanks, AK",2,Alaska,90,Fairbanks North Star,64.8456900007,-147.727413
09/29/2015,21700012,1,0.022,ppm,19,24,100,44201,Ozone,11260,"Anchorage, AK",2,Alaska,170,Matanuska-Susitna,61.5988976486,-149.1062195569
09/30/2015,20680003,1,0.026,ppm,22,24,100,44201,Ozone,,,2,Alaska,68,Denali,63.7232000007,-148.9676
09/30/2015,20900034,1,0.018,ppm,15,19,79,44201,Ozone,21820,"Fairbanks, AK",2,Alaska,90,Fairbanks North Star,64.8456900007,-147.727413
09/30/2015,21700012,1,0.022,ppm,19,19,79,44201,Ozone,11260,"Anchorage, AK",2,Alaska,170,Matanuska-Susitna,61.5988976486,-149.1062195569
10/01/2015,20680003,1,0.028,ppm,24,24,100,44201,Ozone,,,2,Alaska,68,Denali,63.7232000007,-148.9676
10/02/2015,20680003,1,0.031,ppm,26,24,100,44201,Ozone,,,2,Alaska,68,Denali,63.7232000007,-148.9676
10/03/2015,20680003,1,0.033,ppm,28,24,100,44201,Ozone,,,2,Alaska,68,Denali,63.7232000007,-148.9676
10/04/2015,20680003,1,0.03,ppm,25,24,100,44201,Ozone,,,2,Alaska,68,Denali,63.7232000007,-148.9676
10/05/2015,20680003,1,0.033,ppm,28,24,100,44201,Ozone,,,2,Alaska,68,Denali,63.7232000007,-148.9676
10/06/2015,20680003,1,0.036,ppm,31,24,100,44201,Ozone,,,2,Alaska,68,Denali,63.7232000007,-148.9676
10/07/2015,20680003,1,0.038,ppm,32,24,100,44201,Ozone,,,2,Alaska,68,Denali,63.7232000007,-148.9676
10/08/2015,20680003,1,0.037,ppm,31,24,100,44201,Ozone,,,2,Alaska,68,Denali,63.7232000007,-148.9676
10/09/2015,20680003,1,0.026,ppm,22,24,100,44201,Ozone,,,2,Alaska,68,Denali,63.7232000007,-148.9676
10/10/2015,20680003,1,0.04,ppm,34,24,100,44201,Ozone,,,2,Alaska,68,Denali,63.7232000007,-148.9676
10/11/2015,20680003,1,0.039,ppm,33,24,100,44201,Ozone,,,2,Alaska,68,Denali,63.7232000007,-148.9676
10/12/2015,20680003,1,0.019,ppm,16,24,100,44201,Ozone,,,2,Alaska,68,Denali,63.7232000007,-148.9676
10/13/2015,20680003,1,0.026,ppm,22,24,100,44201,Ozone,,,2,Alaska,68,Denali,63.7232000007,-148.9676
10/14/2015,20680003,1,0.032,ppm,27,24,100,44201,Ozone,,,2,Alaska,68,Denali,63.7232000007,-148.9676
10/15/2015,20680003,1,0.035,ppm,30,24,100,44201,Ozone,,,2,Alaska,68,Denali,63.7232000007,-148.9676
10/16/2015,20680003,1,0.035,ppm,30,24,100,44201,Ozone,,,2,Alaska,68,Denali,63.7232000007,-148.9676
10/17/2015,20680003,1,0.033,ppm,28,24,100,44201,Ozone,,,2,Alaska,68,Denali,63.7232000007,-148.9676
10/18/2015,20680003,1,0.038,ppm,32,24,100,44201,Ozone,,,2,Alaska,68,Denali,63.7232000007,-148.9676
10/19/2015,20680003,1,0.035,ppm,30,24,100,44201,Ozone,,,2,Alaska,68,Denali,63.7232000007,-148.9676
10/20/2015,20680003,1,0.037,ppm,31,24,100,44201,Ozone,,,2,Alaska,68,Denali,63.7232000007,-148.9676
10/21/2015,20680003,1,0.024,ppm,20,24,100,44201,Ozone,,,2,Alaska,68,Denali,63.7232000007,-148.9676
10/22/2015,20680003,1,0.032,ppm,27,24,100,44201,Ozone,,,2,Alaska,68,Denali,63.7232000007,-148.9676
10/23/2015,20680003,1,0.036,ppm,31,24,100,44201,Ozone,,,2,Alaska,68,Denali,63.7232000007,-148.9676
10/24/2015,20680003,1,0.039,ppm,33,24,100,44201,Ozone,,,2,Alaska,68,Denali,63.7232000007,-148.9676
10/25/2015,20680003,1,0.035,ppm,30,24,100,44201,Ozone,,,2,Alaska,68,Denali,63.7232000007,-148.9676
10/26/2015,20680003,1,0.038,ppm,32,24,100,44201,Ozone,,,2,Alaska,68,Denali,63.7232000007,-148.9676
10/27/2015,20680003,1,0.04,ppm,34,24,100,44201,Ozone,,,2,Alaska,68,Denali,63.7232000007,-148.9676
10/28/2015,20680003,1,0.026,ppm,22,24,100,44201,Ozone,,,2,Alaska,68,Denali,63.7232000007,-148.9676
10/29/2015,20680003,1,0.027,ppm,23,24,100,44201,Ozone,,,2,Alaska,68,Denali,63.7232000007,-148.9676
10/30/2015,20680003,1,0.032,ppm,27,24,100,44201,Ozone,,,2,Alaska,68,Denali,63.7232000007,-148.9676
10/31/2015,20680003,1,0.035,ppm,30,24,100,44201,Ozone,,,2,Alaska,68,Denali,63.7232000007,-148.9676
11/01/2015,20680003,1,0.037,ppm,31,24,100,44201,Ozone,,,2,Alaska,68,Denali,63.7232000007,-148.9676
11/02/2015,20680003,1,0.035,ppm,30,24,100,44201,Ozone,,,2,Alaska,68,Denali,63.7232000007,-148.9676
11/03/2015,20680003,1,0.035,ppm,30,24,100,44201,Ozone,,,2,Alaska,68,Denali,63.7232000007,-148.9676
11/04/2015,20680003,1,0.035,ppm,30,24,100,44201,Ozone,,,2,Alaska,68,Denali,63.7232000007,-148.9676
11/05/2015,20680003,1,0.042,ppm,36,24,100,44201,Ozone,,,2,Alaska,68,Denali,63.7232000007,-148.9676
11/06/2015,20680003,1,0.038,ppm,32,24,100,44201,Ozone,,,2,Alaska,68,Denali,63.7232000007,-148.9676
11/07/2015,20680003,1,0.034,ppm,29,24,100,44201,Ozone,,,2,Alaska,68,Denali,63.7232000007,-148.9676
11/08/2015,20680003,1,0.037,ppm,31,24,100,44201,Ozone,,,2,Alaska,68,Denali,63.7232000007,-148.9676
11/09/2015,20680003,1,0.034,ppm,29,24,100,44201,Ozone,,,2,Alaska,68,Denali,63.7232000007,-148.9676
11/10/2015,20680003,1,0.034,ppm,29,24,100,44201,Ozone,,,2,Alaska,68,Denali,63.7232000007,-148.9676
11/12/2015,20680003,1,0.034,ppm,29,24,100,44201,Ozone,,,2,Alaska,68,Denali,63.7232000007,-148.9676
11/13/2015,20680003,1,0.03,ppm,25,24,100,44201,Ozone,,,2,Alaska,68,Denali,63.7232000007,-148.9676
11/14/2015,20680003,1,0.031,ppm,26,24,100,44201,Ozone,,,2,Alaska,68,Denali,63.7232000007,-148.9676
11/15/2015,20680003,1,0.024,ppm,20,24,100,44201,Ozone,,,2,Alaska,68,Denali,63.7232000007,-148.9676
11/16/2015,20680003,1,0.025,ppm,21,24,100,44201,Ozone,,,2,Alaska,68,Denali,63.7232000007,-148.9676
11/17/2015,20680003,1,0.029,ppm,25,24,100,44201,Ozone,,,2,Alaska,68,Denali,63.7232000007,-148.9676
11/20/2015,20680003,1,0.038,ppm,32,24,100,44201,Ozone,,,2,Alaska,68,Denali,63.7232000007,-148.9676
11/21/2015,20680003,1,0.038,ppm,32,24,100,44201,Ozone,,,2,Alaska,68,Denali,63.7232000007,-148.9676
11/22/2015,20680003,1,0.036,ppm,31,24,100,44201,Ozone,,,2,Alaska,68,Denali,63.7232000007,-148.9676
11/23/2015,20680003,1,0.038,ppm,32,24,100,44201,Ozone,,,2,Alaska,68,Denali,63.7232000007,-148.9676
11/24/2015,20680003,1,0.036,ppm,31,24,100,44201,Ozone,,,2,Alaska,68,Denali,63.7232000007,-148.9676
11/25/2015,20680003,1,0.038,ppm,32,24,100,44201,Ozone,,,2,Alaska,68,Denali,63.7232000007,-148.9676
11/26/2015,20680003,1,0.039,ppm,33,24,100,44201,Ozone,,,2,Alaska,68,Denali,63.7232000007,-148.9676
11/27/2015,20680003,1,0.04,ppm,34,24,100,44201,Ozone,,,2,Alaska,68,Denali,63.7232000007,-148.9676
11/28/2015,20680003,1,0.04,ppm,34,24,100,44201,Ozone,,,2,Alaska,68,Denali,63.7232000007,-148.9676
11/29/2015,20680003,1,0.04,ppm,34,24,100,44201,Ozone,,,2,Alaska,68,Denali,63.7232000007,-148.9676
11/30/2015,20680003,1,0.038,ppm,32,24,100,44201,Ozone,,,2,Alaska,68,Denali,63.7232000007,-148.9676
12/01/2015,20680003,1,0.036,ppm,31,24,100,44201,Ozone,,,2,Alaska,68,Denali,63.7232000007,-148.9676
12/02/2015,20680003,1,0.03,ppm,25,24,100,44201,Ozone,,,2,Alaska,68,Denali,63.7232000007,-148.9676
12/03/2015,20680003,1,0.024,ppm,20,24,100,44201,Ozone,,,2,Alaska,68,Denali,63.7232000007,-148.9676
12/04/2015,20680003,1,0.033,ppm,28,24,100,44201,Ozone,,,2,Alaska,68,Denali,63.7232000007,-148.9676
12/05/2015,20680003,1,0.035,ppm,30,24,100,44201,Ozone,,,2,Alaska,68,Denali,63.7232000007,-148.9676
12/06/2015,20680003,1,0.039,ppm,33,24,100,44201,Ozone,,,2,Alaska,68,Denali,63.7232000007,-148.9676
12/07/2015,20680003,1,0.039,ppm,33,24,100,44201,Ozone,,,2,Alaska,68,Denali,63.7232000007,-148.9676
12/08/2015,20680003,1,0.038,ppm,32,23,96,44201,Ozone,,,2,Alaska,68,Denali,63.7232000007,-148.9676
12/10/2015,20680003,1,0.035,ppm,30,24,100,44201,Ozone,,,2,Alaska,68,Denali,63.7232000007,-148.9676
12/11/2015,20680003,1,0.039,ppm,33,24,100,44201,Ozone,,,2,Alaska,68,Denali,63.7232000007,-148.9676
12/12/2015,20680003,1,0.038,ppm,32,24,100,44201,Ozone,,,2,Alaska,68,Denali,63.7232000007,-148.9676
12/13/2015,20680003,1,0.04,ppm,34,24,100,44201,Ozone,,,2,Alaska,68,Denali,63.7232000007,-148.9676
12/14/2015,20680003,1,0.039,ppm,33,24,100,44201,Ozone,,,2,Alaska,68,Denali,63.7232000007,-148.9676
12/15/2015,20680003,1,0.038,ppm,32,24,100,44201,Ozone,,,2,Alaska,68,Denali,63.7232000007,-148.9676
12/16/2015,20680003,1,0.037,ppm,31,24,100,44201,Ozone,,,2,Alaska,68,Denali,63.7232000007,-148.9676
12/17/2015,20680003,1,0.032,ppm,27,24,100,44201,Ozone,,,2,Alaska,68,Denali,63.7232000007,-148.9676
12/18/2015,20680003,1,0.039,ppm,33,24,100,44201,Ozone,,,2,Alaska,68,Denali,63.7232000007,-148.9676
12/19/2015,20680003,1,0.038,ppm,32,24,100,44201,Ozone,,,2,Alaska,68,Denali,63.7232000007,-148.9676
12/20/2015,20680003,1,0.036,ppm,31,24,100,44201,Ozone,,,2,Alaska,68,Denali,63.7232000007,-148.9676
12/21/2015,20680003,1,0.035,ppm,30,24,100,44201,Ozone,,,2,Alaska,68,Denali,63.7232000007,-148.9676
12/22/2015,20680003,1,0.034,ppm,29,24,100,44201,Ozone,,,2,Alaska,68,Denali,63.7232000007,-148.9676
12/23/2015,20680003,1,0.032,ppm,27,24,100,44201,Ozone,,,2,Alaska,68,Denali,63.7232000007,-148.9676
12/24/2015,20680003,1,0.035,ppm,30,24,100,44201,Ozone,,,2,Alaska,68,Denali,63.7232000007,-148.9676
12/25/2015,20680003,1,0.04,ppm,34,24,100,44201,Ozone,,,2,Alaska,68,Denali,63.7232000007,-148.9676
12/26/2015,20680003,1,0.038,ppm,32,24,100,44201,Ozone,,,2,Alaska,68,Denali,63.7232000007,-148.9676
12/27/2015,20680003,1,0.038,ppm,32,24,100,44201,Ozone,,,2,Alaska,68,Denali,63.7232000007,-148.9676
12/28/2015,20680003,1,0.038,ppm,32,24,100,44201,Ozone,,,2,Alaska,68,Denali,63.7232000007,-148.9676
12/29/2015,20680003,1,0.041,ppm,35,24,100,44201,Ozone,,,2,Alaska,68,Denali,63.7232000007,-148.9676
12/30/2015,20680003,1,0.041,ppm,35,24,100,44201,Ozone,,,2,Alaska,68,Denali,63.7232000007,-148.9676
12/31/2015,20680003,1,0.038,ppm,32,19,79,44201,Ozone,,,2,Alaska,68,Denali,63.7232000007,-148.9676
Date,AQS_SITE_ID,POC,Daily Max 8-hour Ozone Concentration,UNITS,DAILY_AQI_VALUE,DAILY_OBS_COUNT,PERCENT_COMPLETE,AQS_PARAMETER_CODE,AQS_PARAMETER_DESC,CBSA_CODE,CBSA_NAME,STATE_CODE,STATE,COUNTY_CODE,COUNTY,SITE_LATITUDE,SITE_LONGITUDE
